id_survey,Board games,Cinema,Cooking,Crafts,Cycling,Dancing,Drawing,Gardening,Hiking,Music,Painting,Photography,Reading,Running,Sculpture,Swimming,Theater,Video games
1,1,0,0,0,0,0,0,0,0,0,0,0,0,0,0,0,0,0
2,1,0,0,0,0,0,0,0,0,0,0,0,0,0,0,0,0,0
3,1,0,0,0,0,0,0,0,0,0,0,0,0,0,0,0,0,0
4,1,0,0,0,0,0,0,0,0,0,0,0,0,0,0,0,0,0
5,1,0,0,0,0,0,0,0,0,0,0,0,0,0,0,0,0,0
6,1,0,0,0,0,0,0,0,0,0,0,0,0,0,0,0,0,0
7,1,0,0,0,0,0,0,0,0,0,0,0,0,0,0,0,0,0
8,1,0,0,0,0,0,0,0,0,0,0,0,0,0,0,0,0,0
9,1,0,0,0,0,0,0,0,0,0,0,0,0,0,0,0,0,0
10,1,0,0,0,0,0,0,0,0,0,0,0,0,0,0,0,0,0
11,1,0,0,0,0,0,0,0,0,0,0,0,0,0,0,0,0,0
12,1,0,0,0,0,0,0,0,0,0,0,0,0,0,0,0,0,0
13,1,0,0,0,0,0,0,0,0,0,0,0,0,0,0,0,0,0
14,1,0,0,0,0,0,0,0,0,0,0,0,0,0,0,0,0,0
15,1,0,0,0,0,0,0,0,0,0,0,0,0,0,0,0,0,0
16,1,0,0,0,0,0,0,0,0,0,0,0,0,0,0,0,0,0
17,1,0,0,0,0,0,0,0,0,0,0,0,0,0,0,0,0,0
18,1,0,0,0,0,0,0,0,0,0,0,0,0,0,0,0,0,0
19,1,0,0,0,0,0,0,0,0,0,0,0,0,0,0,0,0,0
21,1,0,0,0,0,0,0,0,0,0,0,0,0,0,0,0,0,0
23,1,0,0,0,0,0,0,0,0,0,0,0,0,0,0,0,0,0
24,1,0,0,0,0,0,0,0,0,0,0,0,0,0,0,0,0,0
25,1,0,0,0,0,0,0,0,0,0,0,0,0,0,0,0,0,0
26,0,0,0,1,0,0,0,0,1,0,0,0,0,0,0,0,0,0
27,0,1,0,0,0,0,0,1,0,0,0,0,1,0,0,0,0,0
28,0,0,0,0,0,1,1,0,1,1,0,1,0,0,0,0,0,0
29,0,0,0,0,0,0,0,0,0,0,0,0,0,1,0,0,0,0
31,0,1,0,0,0,0,0,0,1,0,0,0,0,0,0,0,0,0
32,0,0,0,0,0,1,0,0,0,0,0,0,0,0,0,0,0,0
33,0,0,0,0,0,0,0,0,1,0,0,0,0,0,0,0,0,0
34,0,1,0,0,0,0,0,0,0,1,0,0,1,0,0,0,0,0
35,1,1,0,0,0,0,0,0,0,0,0,0,0,0,0,1,0,1
36,1,0,0,1,0,0,0,0,0,0,0,0,0,0,0,1,0,0
37,0,0,0,0,0,0,0,0,0,0,0,0,1,0,0,0,0,0
38,1,0,0,0,0,0,0,0,0,0,0,0,0,0,0,0,0,1
40,0,1,0,0,0,0,0,0,1,1,0,1,1,0,0,0,0,0
41,0,1,0,0,0,0,0,0,0,0,0,0,0,0,0,0,0,0
42,0,0,0,0,1,0,0,0,0,0,0,0,0,0,0,0,0,1
43,0,0,0,0,0,0,0,0,0,1,0,0,0,0,0,0,0,1
46,0,0,0,0,0,0,0,0,0,0,0,0,0,0,0,0,0,1
47,0,1,0,0,0,0,0,0,0,1,0,1,1,0,0,0,0,1
48,0,0,0,0,0,1,1,0,0,0,0,0,0,0,0,0,1,0
49,0,0,0,0,0,0,0,0,0,1,0,0,0,0,0,0,0,1
50,0,1,0,0,0,0,0,0,0,0,0,0,0,0,0,0,0,0
52,0,0,0,0,0,0,0,0,0,0,0,0,0,0,0,0,0,1
53,0,0,1,0,0,0,0,0,0,0,0,0,0,0,0,0,0,0
54,0,0,0,0,0,0,0,0,0,1,0,0,0,0,0,0,0,1
55,0,0,0,0,0,0,0,0,0,1,0,0,0,0,0,0,0,0
56,1,1,0,0,0,0,0,0,1,1,0,1,0,0,0,0,0,1
57,1,0,0,0,0,0,1,0,0,0,1,0,1,0,0,0,0,1
58,0,0,0,0,0,0,0,0,1,0,0,0,1,0,0,0,0,0
59,0,0,0,0,0,0,0,0,0,0,0,0,1,0,0,0,0,0
60,0,0,0,0,0,0,0,0,0,0,0,0,1,0,0,0,0,0
61,0,0,0,0,0,0,0,0,1,0,0,0,0,0,0,0,0,0
62,0,1,1,0,0,1,0,1,0,0,0,1,0,0,0,0,0,0
63,0,0,1,0,0,0,0,0,1,1,0,0,1,0,0,0,1,0
64,0,0,0,0,0,0,0,1,0,0,0,0,1,0,0,0,0,0
65,0,1,0,0,0,0,0,0,1,1,0,1,0,1,0,0,0,1
66,1,0,1,1,0,0,1,0,0,1,0,1,0,0,0,0,0,0
67,1,0,1,0,0,0,0,0,0,0,0,0,1,0,0,0,0,0
68,1,1,1,0,0,0,1,0,1,1,1,0,1,0,0,0,0,0
69,1,1,0,0,0,0,0,0,0,0,0,0,0,0,0,0,0,0
70,0,0,0,0,0,0,0,0,0,0,0,0,1,0,0,0,0,0
71,0,0,0,1,0,0,1,0,0,1,0,0,1,0,0,0,0,0
72,0,0,1,0,0,0,0,0,0,1,0,0,0,0,0,0,0,1
73,0,0,0,0,0,0,0,0,0,1,0,0,1,0,0,0,0,1
74,0,0,1,0,0,0,0,0,1,1,0,0,0,0,0,0,0,1
75,0,1,0,0,0,0,0,0,0,0,0,0,0,0,0,0,0,0
76,0,0,0,0,0,0,0,1,1,0,0,0,1,0,0,0,0,1
77,0,0,0,0,0,0,0,0,1,1,0,0,0,0,0,0,0,0
78,0,0,0,0,0,1,1,0,0,1,0,0,1,0,0,0,0,1
79,0,0,0,0,0,0,0,0,0,0,0,0,0,0,0,0,0,1
80,0,1,0,0,0,0,0,0,0,1,0,1,1,0,0,0,0,0
81,0,0,0,0,0,0,1,0,0,1,1,0,0,0,0,0,0,1
82,0,0,0,0,0,0,0,1,0,0,0,0,1,0,0,0,0,1
83,0,0,0,0,1,0,0,0,0,0,0,0,0,0,0,0,0,0
84,0,0,0,0,0,0,0,1,0,0,0,0,0,0,0,0,0,0
85,0,0,0,0,0,0,0,0,1,1,0,1,1,0,0,0,0,0
86,0,0,0,0,0,0,0,0,0,0,0,1,1,1,0,0,0,0
87,0,0,0,0,0,0,0,0,1,0,0,0,0,0,0,0,0,0
88,0,0,1,0,1,0,0,0,1,0,0,0,1,0,0,0,0,0
89,0,0,0,0,0,0,0,0,0,0,0,0,1,0,0,0,0,0
90,0,1,0,0,0,0,0,0,0,1,0,0,0,0,0,0,0,0
91,0,1,1,0,0,0,0,0,0,0,0,0,1,0,0,0,0,0
92,0,0,0,0,0,0,0,1,0,1,0,0,1,0,0,0,0,0
93,0,0,0,0,0,0,0,0,0,0,0,0,0,0,0,0,0,1
94,1,1,0,0,0,0,0,0,0,0,0,0,0,0,0,0,0,1
95,0,0,0,0,0,0,0,0,0,0,0,0,0,0,0,0,0,1
96,0,0,1,1,0,0,1,0,1,0,1,0,0,0,0,0,0,0
98,0,0,0,0,0,0,0,0,0,0,0,0,1,0,0,0,0,0
99,0,0,0,0,0,0,0,0,0,1,0,0,0,0,0,0,0,0
100,1,0,0,1,0,0,0,0,0,0,0,0,1,0,0,0,0,0
101,0,0,0,0,0,0,0,0,0,1,0,0,0,0,0,0,0,0
102,0,0,0,0,0,0,0,0,1,0,0,0,0,0,0,0,0,0
103,0,1,0,0,0,0,0,0,0,0,0,0,0,0,0,0,0,0
104,0,0,1,0,0,0,0,0,0,0,0,0,0,0,0,0,0,0
105,0,0,0,0,0,1,0,0,0,0,0,0,0,0,0,0,0,0
106,0,0,0,0,0,0,0,0,0,0,0,0,1,0,0,0,0,0
107,0,0,0,0,0,0,0,0,0,0,0,0,0,0,0,0,0,1
108,0,0,0,0,0,0,0,0,1,0,0,0,0,0,0,0,0,0
109,0,0,0,0,0,0,0,1,0,1,0,0,0,0,0,0,0,0
110,0,0,0,0,0,0,0,0,1,0,0,0,0,0,0,0,0,0
111,0,1,0,0,0,0,0,0,0,1,0,0,0,0,0,0,0,1
112,0,0,0,0,1,0,0,0,0,0,0,0,0,0,0,0,0,0
113,0,1,0,0,0,0,1,1,0,0,1,0,0,0,0,0,0,1
114,0,1,1,0,0,0,1,0,1,1,1,1,1,1,0,0,0,0
115,0,0,0,0,0,0,0,0,0,0,0,1,0,0,0,0,0,0
116,0,1,0,0,0,0,0,0,0,0,0,0,0,0,0,0,0,0
117,0,0,0,0,0,0,0,0,1,0,0,0,0,0,0,1,0,0
118,0,0,0,0,0,0,0,0,1,0,0,0,0,0,0,0,0,0
119,0,0,0,0,0,0,0,0,0,0,0,0,1,0,0,0,0,0
120,0,0,0,0,1,0,0,0,0,0,0,0,0,0,0,0,0,0
121,0,0,0,0,0,0,1,0,0,0,0,0,0,0,0,0,0,0
122,0,0,0,0,0,0,0,0,1,1,0,0,1,0,0,0,0,0
124,0,0,0,0,1,0,0,0,0,0,0,0,0,0,0,0,0,0
125,0,1,0,0,0,0,0,1,0,0,0,0,1,0,0,0,0,1
126,0,1,0,0,0,0,0,0,0,0,0,0,0,0,0,0,0,0
128,0,0,0,0,0,0,0,0,1,0,0,0,0,0,0,0,0,0
129,0,0,0,0,0,0,1,0,0,0,1,0,1,0,0,0,0,0
130,0,0,0,0,0,0,0,0,0,1,0,0,0,0,0,0,0,0
131,0,0,0,0,0,0,1,0,0,0,0,0,0,0,0,0,0,0
132,0,0,1,1,0,0,0,0,0,1,0,0,1,1,0,0,0,1
133,0,0,1,1,0,0,0,0,0,1,0,0,1,1,0,0,0,1
134,0,0,1,1,0,0,0,0,0,1,0,0,1,1,0,0,0,1
135,0,0,1,1,0,0,0,0,0,1,0,0,1,1,0,0,0,1
136,0,0,0,0,0,0,0,0,0,0,0,0,0,0,0,0,0,1
137,0,0,0,0,0,0,0,0,1,0,0,0,0,0,0,0,0,0
138,0,0,1,1,0,0,1,1,1,0,1,0,1,0,1,0,0,1
139,0,1,0,1,0,0,0,0,0,1,0,0,0,0,0,0,0,1
140,0,1,0,0,0,0,0,0,0,0,0,0,1,0,0,0,0,0
141,0,1,0,0,0,0,0,0,0,1,0,0,1,0,0,0,1,0
142,0,0,0,1,0,0,0,0,0,1,0,0,0,0,0,0,0,1
143,0,0,0,0,1,0,0,0,0,0,0,0,0,0,0,0,0,0
144,0,0,0,1,0,0,1,1,0,0,0,0,0,0,0,0,0,1
145,1,0,0,0,1,0,0,0,0,0,0,0,1,0,0,1,0,1
146,0,0,1,0,0,0,0,0,0,0,0,0,0,0,0,0,0,0
147,0,0,0,0,1,0,0,0,1,1,0,1,0,1,0,0,0,1
148,0,1,0,0,0,0,0,0,0,0,0,0,1,0,0,0,0,1
149,0,0,0,0,0,0,0,0,0,1,0,0,0,0,0,0,0,1
150,0,0,0,1,0,0,0,0,1,0,0,0,1,1,0,0,0,0
151,0,0,0,0,0,0,0,1,1,1,1,0,1,0,0,0,0,1
152,0,0,0,0,0,0,0,0,0,0,0,0,0,0,0,0,0,1
153,0,0,0,0,0,0,0,0,0,0,0,0,1,0,0,0,1,1
154,0,0,0,0,0,0,0,0,0,1,0,0,0,0,0,0,0,1
155,1,0,1,0,1,0,0,0,0,1,0,0,0,0,0,0,0,1
156,1,0,1,0,1,0,0,0,0,1,0,0,0,0,0,0,0,1
157,1,0,1,0,1,0,0,0,0,1,0,0,0,0,0,0,0,1
158,0,1,0,1,1,1,0,0,1,1,0,0,1,0,0,0,1,0
159,0,0,0,0,0,0,0,0,1,0,0,0,0,0,0,0,0,0
160,0,0,0,0,0,0,0,0,0,0,0,0,1,0,0,0,0,0
162,0,0,0,0,0,0,0,0,0,0,0,0,1,0,0,0,0,0
163,0,1,0,1,0,0,0,0,1,0,0,0,0,1,0,0,0,0
164,0,0,1,0,0,0,1,0,1,0,0,0,0,0,0,0,0,0
165,0,0,0,0,0,0,0,0,0,0,0,0,1,0,0,0,0,1
167,0,0,0,0,0,0,0,0,1,0,0,0,0,0,0,0,0,0
168,0,0,1,0,0,0,0,0,0,0,0,0,0,0,0,0,0,0
169,0,1,0,0,0,0,0,0,1,0,0,1,1,0,0,0,0,0
170,0,0,1,0,0,0,0,0,0,1,0,0,1,0,0,0,0,0
171,0,0,0,0,0,0,0,0,1,0,0,0,0,0,0,0,0,0
173,0,1,0,0,0,0,0,0,0,0,0,0,1,0,0,1,0,0
174,0,0,0,0,0,0,0,0,0,0,0,0,1,0,0,0,0,1
175,0,0,0,0,0,0,0,0,1,0,0,0,0,0,0,0,0,0
176,0,0,0,0,0,0,0,0,0,0,0,0,0,0,0,1,0,0
177,0,0,0,0,0,0,0,0,0,0,0,1,0,0,0,0,0,0
178,0,0,0,0,0,0,0,0,0,0,0,0,1,0,0,0,0,0
179,0,0,1,0,0,0,0,0,0,0,0,0,0,0,0,0,0,0
180,0,1,0,0,0,0,0,0,1,0,0,0,1,0,0,0,0,0
181,0,0,0,1,0,0,0,0,0,0,0,1,0,0,0,0,1,0
182,0,0,0,0,0,0,0,0,1,0,0,0,0,0,0,0,0,0
183,0,1,0,0,0,0,0,0,0,0,0,0,0,0,0,0,0,0
184,0,0,0,0,0,0,0,0,0,0,0,0,1,0,0,0,0,0
185,0,0,0,0,0,0,0,0,0,0,0,0,1,0,0,0,0,0
186,0,0,0,0,0,0,0,0,0,1,0,0,0,0,0,0,0,0
187,0,0,0,0,0,0,0,0,0,0,0,0,1,0,0,0,0,0
188,0,0,0,0,0,0,0,0,0,1,0,0,0,0,0,0,0,0
189,0,1,0,0,0,0,0,0,0,0,0,0,0,0,0,0,0,1
190,0,0,0,0,1,0,0,0,0,0,0,0,0,0,0,0,0,0
191,0,1,0,0,0,0,0,0,0,0,0,0,0,0,0,0,0,0
193,0,0,0,0,1,0,0,0,0,1,0,0,0,0,0,0,0,0
194,0,1,0,0,0,0,0,0,0,1,0,0,1,0,0,0,0,0
195,0,1,0,0,0,0,0,0,0,1,0,0,1,0,0,0,0,0
196,0,0,0,0,0,0,0,0,0,0,0,0,1,0,0,0,0,0
197,0,0,0,0,0,0,0,0,0,0,1,0,1,0,0,0,0,0
198,0,0,0,0,0,0,0,0,0,0,0,0,0,0,0,0,0,1
199,0,0,0,0,0,0,0,0,0,1,0,0,0,0,0,0,0,0
200,0,0,0,0,0,0,0,0,1,0,0,0,0,0,0,0,0,0
201,0,0,0,0,0,0,0,0,1,1,0,0,0,0,0,0,0,0
202,0,0,0,0,0,0,1,0,0,0,0,0,0,0,0,0,0,0
203,0,0,0,0,0,0,0,0,1,0,0,0,1,1,0,0,0,0
204,0,1,0,0,0,0,0,0,0,1,0,0,0,1,0,0,0,1
205,0,0,0,0,0,0,0,1,0,0,0,0,1,0,0,0,0,0
206,0,0,0,0,0,0,1,0,0,1,1,0,0,0,0,0,0,1
207,0,0,0,0,0,0,1,0,0,0,0,0,0,0,0,0,0,0
208,1,0,0,0,0,0,0,0,0,0,0,0,0,0,0,0,0,0
209,0,0,0,0,0,0,0,0,0,1,0,0,0,0,0,1,0,0
210,0,0,0,0,0,0,0,0,1,0,0,0,0,0,0,0,0,0
211,0,0,0,0,0,0,0,0,1,1,0,0,1,0,0,0,0,0
212,0,1,0,0,0,0,0,0,0,0,0,0,0,0,0,0,0,0
213,1,0,1,0,0,0,0,0,1,1,0,1,0,1,0,0,0,0
214,0,0,0,0,0,0,0,0,0,0,0,0,0,0,0,0,0,1
216,0,0,1,0,0,0,0,0,0,0,0,0,0,0,0,0,0,0
217,0,0,0,0,0,0,0,0,0,0,0,0,0,1,0,0,0,0
218,0,1,1,0,0,0,0,0,1,0,0,0,0,0,0,0,0,1
220,0,0,0,0,0,0,0,0,0,0,0,0,0,0,0,1,0,0
221,0,0,0,0,0,0,0,0,0,0,0,1,1,0,0,0,0,1
223,0,0,0,0,0,0,0,0,0,1,1,0,0,0,0,0,0,0
224,0,0,0,0,0,0,0,0,0,0,0,0,0,1,0,0,0,0
225,0,0,0,0,0,0,0,0,1,0,0,0,0,0,0,0,0,0
226,0,0,0,0,0,0,0,0,0,0,0,0,1,0,0,0,0,0
227,0,0,1,1,1,0,1,0,1,1,1,0,1,0,0,0,0,0
228,0,0,0,1,0,0,0,0,0,0,0,0,0,0,0,0,0,0
229,0,0,0,0,0,0,0,0,0,0,0,0,1,0,0,0,0,0
230,0,0,0,0,0,1,0,0,0,0,0,0,0,0,0,0,0,0
231,0,1,0,0,0,0,0,0,1,1,0,0,1,0,0,0,0,0
234,1,0,0,0,1,0,0,0,0,0,0,0,0,0,0,1,0,1
235,0,0,0,1,0,0,0,0,0,1,0,1,0,0,0,0,0,0
236,0,0,0,0,0,0,0,0,0,1,0,0,0,0,0,0,0,1
237,0,0,0,0,0,0,0,0,0,0,0,0,1,0,0,0,0,0
239,0,0,1,0,0,0,0,0,0,0,0,0,0,0,0,0,0,0
240,0,0,0,0,0,0,0,0,1,0,0,0,0,0,0,0,0,0
241,0,1,0,0,0,0,0,0,0,0,0,0,0,0,0,0,0,0
242,0,0,0,0,0,0,0,0,0,1,0,0,0,0,0,0,0,0
243,0,0,0,0,0,0,0,0,1,1,0,1,1,0,0,0,1,0
244,0,0,0,0,0,0,0,0,0,1,0,0,0,0,0,0,0,1
245,0,1,0,0,0,0,0,0,0,1,0,0,0,0,0,0,0,1
246,0,1,0,0,0,0,0,0,0,0,0,0,0,0,0,0,0,1
247,0,0,0,0,0,1,0,0,0,1,0,0,0,0,0,0,0,1
248,1,0,1,1,0,0,1,1,1,1,1,1,1,0,0,1,0,0
249,0,1,1,0,0,1,1,1,1,1,1,1,1,0,0,0,0,0
250,0,1,0,0,0,0,0,0,0,1,0,1,0,0,0,0,0,1
251,0,0,0,1,0,0,0,0,0,0,0,0,0,0,0,0,0,0
252,0,1,1,1,0,1,1,0,1,0,0,0,1,0,0,0,0,1
254,0,0,0,0,0,0,1,0,1,1,0,0,0,0,0,1,0,0
255,0,0,1,1,0,0,1,0,1,1,1,1,1,0,0,1,0,0
256,0,0,0,0,0,0,0,0,0,0,0,1,1,0,0,0,0,0
257,0,0,0,0,0,1,0,0,0,0,0,0,1,0,0,0,0,0
258,0,0,1,0,0,1,0,0,1,1,0,0,1,0,0,0,0,1
259,1,0,1,0,0,0,0,1,1,0,0,0,1,0,0,0,0,1
260,0,1,0,0,0,0,0,0,0,0,0,0,0,0,0,0,0,0
261,0,0,0,0,0,0,0,0,0,1,0,0,1,0,0,0,0,0
262,0,0,0,0,0,0,0,0,0,0,0,0,1,0,0,0,0,0
263,0,0,0,0,0,1,0,0,0,0,0,0,1,0,0,0,0,0
264,0,0,0,0,0,0,1,0,0,0,0,0,0,0,0,0,0,0
265,0,0,0,0,0,0,0,0,0,0,0,0,1,0,0,0,0,0
266,0,0,1,1,0,0,0,0,0,0,0,0,0,0,0,0,0,0
268,0,1,0,0,0,0,0,0,0,1,0,0,1,0,0,0,1,0
270,0,0,0,0,0,0,0,0,0,1,0,0,1,1,0,0,0,0
271,0,0,0,0,0,0,1,0,0,0,1,0,0,0,0,0,0,0
272,0,0,0,0,0,0,0,0,0,0,0,0,0,0,0,0,0,1
273,0,0,0,0,0,1,0,0,0,1,0,0,1,0,0,0,0,1
274,1,1,0,0,0,1,0,0,1,1,0,0,1,1,0,0,0,0
275,0,0,0,0,0,0,0,0,0,0,0,0,1,0,0,0,0,0
276,0,0,0,0,0,0,0,0,0,1,0,0,0,0,0,0,0,0
277,0,0,0,0,0,0,0,0,1,0,0,0,0,0,0,0,0,0
278,0,0,0,1,0,0,0,0,0,1,0,0,1,0,0,0,0,0
279,1,1,1,0,0,0,0,1,0,1,0,0,1,0,0,0,0,1
280,0,0,0,0,0,0,0,0,0,1,0,0,0,0,0,0,0,0
281,0,0,0,1,0,0,1,1,1,1,1,0,1,0,1,0,0,1
282,0,0,0,0,1,0,0,0,0,0,0,0,0,0,0,0,0,0
283,0,0,0,0,0,0,0,0,0,1,0,0,1,0,0,0,0,0
284,0,0,0,0,0,0,0,0,0,0,0,0,1,0,0,0,0,0
285,0,0,0,0,0,0,0,0,0,0,0,0,1,0,0,0,0,0
286,1,1,0,0,1,0,1,0,1,1,0,1,0,0,0,0,0,0
287,0,0,0,0,0,0,0,0,0,0,0,0,1,0,0,0,0,0
288,1,1,0,0,0,0,0,0,1,1,0,0,1,0,0,0,1,1
289,0,0,0,1,0,0,0,0,1,1,0,1,0,0,0,0,0,0
290,0,0,0,0,0,0,0,0,0,0,0,0,0,0,0,0,0,1
292,0,0,0,0,0,0,0,0,0,0,0,0,1,0,0,0,0,0
293,1,0,0,0,0,0,0,0,0,0,0,0,1,0,0,1,1,0
294,0,0,0,0,0,0,0,0,0,0,0,0,0,1,0,0,0,0
295,0,1,0,0,0,0,0,0,0,0,0,1,1,0,0,0,0,1
296,0,0,0,0,0,0,0,0,0,1,0,0,0,0,0,0,0,1
297,0,1,0,0,0,0,0,0,0,1,0,0,1,0,0,0,0,0
298,0,0,0,0,0,0,0,1,0,0,0,0,0,0,0,0,0,0
299,0,1,0,1,0,0,1,0,0,0,1,0,1,0,0,0,0,0
300,0,0,0,0,0,1,0,0,0,1,0,1,1,0,0,0,1,0
301,0,1,0,0,0,0,0,0,0,0,0,0,1,0,0,0,0,0
302,0,0,0,0,0,0,0,0,1,0,0,0,0,0,0,0,0,0
303,0,1,1,0,0,0,0,0,0,1,0,0,0,0,0,0,0,0
304,0,1,0,0,0,0,0,0,0,0,0,0,0,0,0,0,0,0
306,0,0,0,0,0,0,0,0,1,1,0,0,0,0,0,0,0,0
307,0,1,1,0,0,0,0,0,0,0,0,0,0,1,0,0,0,0
308,1,0,1,0,0,0,0,0,0,0,0,0,0,1,0,0,0,1
309,0,0,0,0,0,0,0,0,0,0,0,0,0,0,0,0,0,1
310,1,1,1,0,0,0,0,0,0,1,0,0,0,0,0,0,0,0
311,0,1,0,0,0,0,0,0,0,0,0,0,0,0,0,0,0,0
312,1,0,1,0,0,0,0,0,0,1,0,0,1,0,0,1,0,0
313,0,0,0,0,0,1,0,0,0,1,0,0,0,0,0,0,0,0
314,0,0,0,0,0,0,0,0,0,1,0,0,0,0,0,0,0,0
315,0,0,0,0,0,0,1,0,0,1,0,0,1,1,0,0,0,0
316,0,0,0,0,0,0,0,0,0,1,0,0,0,0,0,0,0,0
317,0,0,0,0,0,0,0,0,0,0,0,0,0,0,0,0,0,1
318,0,1,0,0,0,0,0,0,0,0,1,1,0,0,0,0,0,0
319,0,0,0,0,0,0,0,0,0,0,0,0,0,0,0,0,0,1
320,1,0,0,0,0,0,0,0,0,1,0,0,0,0,0,0,0,1
321,0,1,1,0,0,0,0,0,0,1,0,1,0,0,0,0,0,0
322,0,0,0,0,0,1,1,0,0,1,1,0,1,1,0,0,0,0
323,0,1,0,0,0,0,0,0,0,0,0,0,1,0,0,0,0,0
324,1,1,0,0,0,0,0,0,1,1,0,0,1,0,0,0,0,1
325,0,0,0,0,0,0,0,1,1,1,0,0,0,0,0,0,0,1
326,0,0,0,0,0,0,0,0,0,0,0,0,0,0,0,0,0,1
327,0,0,0,0,0,0,0,0,0,0,0,0,0,0,0,0,0,1
328,0,0,0,0,0,1,0,0,0,0,1,0,1,0,0,0,0,0
329,0,0,0,0,0,0,0,0,0,1,0,0,0,0,0,0,0,0
330,0,0,0,0,1,0,0,0,0,0,0,0,0,0,0,1,0,1
331,0,1,0,0,0,0,0,0,1,1,0,0,1,0,0,0,0,1
332,0,1,0,1,0,0,1,1,0,0,0,0,1,0,0,0,0,1
333,0,1,0,0,0,0,0,0,1,1,0,0,1,0,0,0,0,1
334,0,0,0,0,0,0,0,0,1,0,0,0,0,1,0,0,0,1
336,1,0,0,0,0,0,0,0,0,0,0,0,0,0,0,0,0,0
338,1,0,0,0,0,0,0,0,0,0,0,0,0,0,0,0,0,1
339,0,0,0,1,0,0,0,0,0,1,0,0,1,0,0,0,0,0
340,0,0,0,0,0,0,0,0,1,0,0,1,0,1,0,0,0,1
341,0,0,0,0,0,0,0,0,0,0,0,0,0,0,0,0,0,1
342,0,0,1,0,0,0,1,1,0,0,0,0,0,0,0,1,0,0
343,0,0,0,0,0,0,0,0,0,0,0,0,0,0,0,0,0,1
344,0,1,0,0,0,0,0,0,1,1,0,0,1,0,0,0,0,0
345,0,0,0,0,1,0,0,0,0,0,0,0,0,0,0,1,0,1
346,0,0,1,0,0,0,0,0,0,0,0,0,0,0,0,0,0,1
347,0,0,0,0,0,0,0,0,0,1,0,0,0,0,0,0,0,0
348,0,1,1,1,0,0,1,0,0,1,1,1,1,0,0,0,0,0
349,0,0,1,0,0,0,1,0,0,1,0,1,0,0,0,0,0,0
350,0,0,0,0,0,0,0,0,0,0,0,0,0,1,0,0,0,0
351,0,0,0,0,0,0,1,0,0,1,0,0,1,0,0,0,0,1
352,1,0,0,0,0,0,1,0,0,1,0,0,1,0,0,0,0,1
353,0,0,0,0,0,0,0,0,0,0,0,0,0,0,0,0,0,1
354,0,0,0,0,0,0,0,0,0,1,0,0,0,0,0,0,0,0
355,0,1,0,0,0,0,1,0,0,0,1,0,1,0,0,0,0,1
356,1,0,0,0,0,0,0,0,1,1,0,0,0,0,0,0,0,1
357,0,1,0,0,0,0,0,0,1,1,0,0,1,0,0,0,0,1
358,0,0,0,0,0,0,0,0,0,0,0,0,0,0,0,0,0,1
359,0,1,0,0,0,0,0,0,1,1,0,0,0,0,0,0,0,0
360,0,1,0,0,0,0,0,0,1,1,0,0,0,0,0,0,0,0
361,0,1,0,0,0,0,0,0,1,1,0,0,0,0,0,0,0,0
362,0,1,0,0,0,0,0,0,1,1,0,0,0,0,0,0,0,0
363,0,1,0,0,0,0,0,0,1,1,0,0,0,0,0,0,0,0
364,0,0,0,0,0,0,0,0,1,0,0,0,0,1,0,0,0,0
365,0,0,0,0,0,0,0,0,0,1,0,0,1,0,0,0,0,0
366,0,0,0,0,1,0,0,0,1,0,0,0,0,0,0,0,0,1
367,0,0,0,0,0,0,0,0,0,1,0,0,1,0,0,1,0,1
368,0,1,0,0,0,0,0,0,0,0,0,0,1,0,0,0,0,0
369,1,0,1,0,0,0,0,0,0,0,0,1,0,0,0,0,0,1
370,0,0,0,0,0,0,0,0,0,1,0,0,0,0,0,0,0,0
371,0,0,1,0,0,0,0,0,0,0,0,0,0,0,0,0,0,0
372,1,0,0,0,0,0,0,0,0,0,0,0,1,0,0,0,0,1
373,0,0,0,0,0,0,0,0,1,1,0,1,1,0,0,0,0,1
374,0,0,0,0,0,0,0,0,0,1,0,0,0,0,0,0,0,1
375,0,0,0,0,0,0,0,0,0,0,0,0,0,0,0,0,0,1
376,0,0,0,0,0,0,0,0,0,0,0,0,0,0,0,0,0,1
377,0,0,0,0,0,0,0,0,0,0,1,0,0,0,0,0,0,0
378,0,0,0,0,0,0,0,0,0,0,0,0,0,1,0,0,0,1
379,0,0,1,1,0,0,0,0,0,0,0,1,0,0,0,0,0,1
380,0,0,0,0,0,0,0,0,0,0,0,0,0,0,0,0,0,1
381,0,0,0,0,0,0,0,0,0,0,0,0,0,0,0,0,0,1
382,0,1,0,1,1,0,0,0,1,0,0,0,0,0,0,0,0,0
384,0,1,0,0,0,0,0,0,1,0,0,1,0,0,0,1,0,1
385,0,0,0,0,0,0,0,0,0,0,0,1,0,0,0,0,0,0
386,0,0,1,0,0,0,0,0,0,0,0,0,0,0,0,0,0,0
387,0,0,0,0,0,0,0,0,0,1,0,0,0,0,0,0,0,0
388,0,0,0,0,0,0,0,0,0,0,0,0,0,0,0,0,0,1
390,0,0,0,0,0,0,0,0,0,0,0,0,0,0,0,0,0,1
392,0,0,0,0,0,0,0,0,1,0,0,0,1,1,0,0,0,0
393,0,0,0,0,0,0,0,0,1,0,0,0,0,0,0,0,0,0
395,0,0,0,1,0,0,0,0,0,0,0,0,0,0,0,0,0,0
396,0,0,0,1,0,0,1,0,0,0,1,1,0,0,0,0,0,0
397,0,0,1,0,0,0,0,0,1,0,0,0,1,0,0,0,0,0
398,0,0,1,0,0,0,0,0,1,0,0,0,0,0,0,1,0,1
399,0,0,0,0,0,0,0,0,0,0,0,0,0,1,0,0,0,0
400,0,0,0,0,0,0,0,0,0,0,0,0,1,0,0,0,0,0
401,0,0,0,0,0,0,0,0,0,1,0,0,1,0,0,0,0,0
403,0,0,0,0,0,0,0,0,0,1,0,0,0,0,0,0,0,0
404,0,1,0,0,0,0,0,0,0,0,0,0,1,0,0,0,0,0
405,0,0,0,0,0,0,0,0,0,1,0,0,0,0,0,0,0,0
406,0,0,0,0,0,0,0,0,0,0,0,0,1,0,0,0,0,0
407,0,1,0,0,0,0,0,0,0,0,0,0,0,0,0,0,0,1
408,0,0,0,1,0,0,0,0,0,0,0,0,0,0,0,1,0,1
409,0,0,0,0,0,0,0,0,0,0,0,0,1,1,0,0,0,1
410,0,0,0,0,1,0,0,0,0,1,0,0,0,0,0,1,0,0
411,0,0,0,0,0,0,0,0,0,0,0,0,0,0,0,0,0,1
412,0,0,0,0,0,0,0,0,1,1,0,0,0,0,0,0,0,1
413,0,0,0,0,0,0,0,0,0,0,0,0,1,0,0,0,0,0
414,0,0,0,0,0,0,0,0,1,0,0,0,0,0,0,0,0,1
415,0,0,0,0,0,0,0,0,0,0,0,0,0,0,0,0,0,1
416,0,1,1,0,0,0,0,0,0,1,0,0,1,0,0,0,0,0
417,0,1,0,0,0,0,0,0,1,0,0,0,0,0,0,0,1,0
418,1,0,0,0,0,0,0,0,1,0,0,0,0,0,0,1,0,0
419,0,0,0,0,0,0,0,0,1,0,0,0,0,0,0,0,0,0
420,0,0,0,0,0,1,0,0,1,0,0,0,0,0,0,0,0,0
421,0,1,0,0,0,0,0,0,0,1,0,1,0,0,0,0,0,0
422,0,0,0,0,0,0,1,0,0,0,1,1,0,0,0,0,0,1
423,0,0,0,0,0,0,0,0,0,0,0,0,0,0,0,0,0,1
424,0,0,0,0,0,0,0,0,0,0,0,0,0,1,0,0,0,0
425,0,0,0,0,0,0,0,0,0,0,0,0,0,0,0,0,0,1
427,1,1,1,0,0,0,0,0,0,0,0,0,1,0,0,0,0,0
431,0,0,0,0,0,0,0,0,1,0,0,0,0,0,0,0,0,0
432,0,0,0,0,0,0,0,0,1,0,0,0,0,0,0,0,0,0
433,0,0,0,0,0,0,0,0,1,0,0,0,0,0,0,0,0,0
434,0,0,0,0,0,0,0,0,1,0,0,0,0,0,0,0,0,0
435,0,0,0,0,0,0,0,0,0,0,0,0,0,1,0,0,0,0
436,0,0,0,0,0,0,0,0,0,1,0,0,0,0,0,0,0,0
437,0,1,0,0,0,0,0,0,0,1,0,0,1,1,0,0,0,0
439,0,0,0,0,0,0,0,0,0,1,0,0,0,1,0,0,0,1
440,0,0,0,1,0,1,0,0,0,0,0,0,1,0,0,0,0,0
441,0,0,0,0,0,0,0,0,0,0,0,0,0,0,0,0,0,1
442,0,1,0,0,0,0,0,0,0,1,0,0,1,0,0,0,0,0
443,0,0,1,0,0,0,0,0,1,0,0,0,1,1,0,1,0,0
444,1,0,0,0,0,0,0,1,0,0,0,0,1,0,0,0,0,1
445,0,0,0,0,0,0,0,0,0,0,0,0,0,1,0,0,0,0
446,0,0,0,0,0,0,0,0,0,0,0,0,0,0,0,0,0,1
447,0,0,0,0,0,0,0,0,0,1,0,0,0,0,0,0,0,0
448,0,0,0,0,0,0,0,0,0,1,0,0,0,0,0,0,0,0
449,0,0,1,0,0,0,0,0,0,1,0,0,1,0,0,0,0,1
450,0,0,0,0,0,0,1,0,0,0,0,0,1,0,0,0,0,0
451,1,1,0,0,0,0,0,0,1,1,0,0,1,0,0,0,0,1
454,0,1,0,0,0,0,0,1,0,0,0,0,0,0,0,0,0,1
456,0,0,1,0,0,0,0,0,0,0,0,0,0,0,0,0,0,0
457,0,0,0,0,0,0,0,0,0,0,0,1,1,0,0,0,0,0
458,0,0,0,1,0,1,0,0,0,0,0,0,0,0,0,0,0,1
459,0,0,0,0,0,0,0,0,0,1,0,1,1,0,0,0,0,0
461,0,0,0,0,1,0,0,0,0,1,0,0,1,0,0,0,0,1
462,0,0,0,0,0,0,0,0,0,0,0,0,0,0,0,0,0,1
464,0,0,0,0,0,0,0,0,0,0,0,0,0,0,0,0,0,1
465,0,0,0,0,0,0,0,0,1,1,0,0,0,0,0,0,0,1
466,0,1,0,1,0,0,1,0,0,1,1,0,1,0,0,0,0,0
467,0,0,0,0,0,0,0,0,0,0,0,1,1,1,0,0,0,0
468,0,0,0,0,0,0,1,0,0,0,0,0,0,0,0,0,0,1
469,0,0,1,0,1,0,0,0,0,0,0,0,0,0,0,1,0,1
470,0,0,0,0,0,1,0,0,0,0,0,0,1,0,0,0,0,0
471,0,1,0,1,1,0,1,0,0,1,1,0,0,0,0,0,1,1
472,0,0,0,0,0,0,0,0,0,1,0,0,1,0,0,0,0,1
473,1,0,0,1,0,0,0,0,0,1,0,0,1,0,0,0,0,0
474,0,0,0,0,1,0,1,0,1,0,0,0,0,0,0,0,0,0
475,0,0,0,0,0,0,1,0,0,0,0,0,0,0,0,0,0,0
476,0,1,0,0,0,0,0,0,0,1,0,0,0,0,0,0,0,0
477,1,0,0,0,1,0,0,1,1,1,0,1,1,0,0,0,1,0
478,0,1,1,0,0,0,0,0,1,1,0,0,0,0,0,0,0,0
479,1,1,1,1,0,0,1,1,1,1,0,1,1,0,0,0,0,1
480,0,1,0,1,0,0,0,0,0,0,0,0,1,0,0,0,0,0
481,1,1,0,0,0,0,0,0,1,1,0,0,1,1,0,0,0,1
482,0,0,0,0,0,0,0,0,1,0,0,0,0,0,0,0,0,0
483,1,0,0,0,0,0,1,0,1,0,1,0,1,1,0,1,0,1
484,1,0,0,0,0,0,1,0,1,0,1,0,1,1,0,1,0,1
485,0,0,0,0,1,0,0,0,1,0,0,0,0,0,0,1,0,0
486,0,1,0,0,0,0,0,0,0,1,0,0,1,1,0,0,0,1
487,0,0,0,0,0,0,0,0,0,1,0,0,0,1,0,0,0,0
488,0,1,1,0,0,0,0,0,0,0,0,1,0,0,0,0,0,0
489,0,0,0,0,0,0,0,1,0,0,0,1,1,0,0,0,0,0
490,0,0,0,0,0,0,1,0,0,0,0,0,0,0,0,0,0,1
491,0,0,1,1,0,0,1,1,0,1,1,1,0,0,0,0,0,0
492,0,0,1,1,0,1,0,0,0,1,0,0,1,0,0,0,0,1
493,1,0,0,0,0,0,0,0,1,1,0,0,1,0,0,0,0,1
494,1,0,1,0,0,0,0,0,0,0,0,0,0,1,0,0,0,1
