id,age,populational_aff,gender,education,city,country_residence,date_survey,consented,hobby_other
1,25 - 30,White/Caucasian,F,Bachelor’s Degree,Lisboa,Portugal,2024-04-10 15:32:17,1,
2,25 - 30,White/Caucasian,F,Master’s Degree,Viseu,Portugal,2024-04-10 15:35:48,1,
3,18 - 24,White/Caucasian,F,Master’s Degree,Santarém,Portugal,2024-04-10 16:09:37,1,
4,18 - 24,White/Caucasian,M,Bachelor’s Degree,Santarém,Portugal,2024-04-10 20:37:30,1,
5,41 - 50,Latino,M,Middle School,Santarém,Portugal,2024-04-10 20:42:25,1,
6,25 - 30,White/Caucasian,M,Bachelor’s Degree,Kabul,Afghanistan,2024-04-10 20:44:49,1,
7,41 - 50,White/Caucasian,F,High School,Santarém,Portugal,2024-04-10 20:45:40,1,
8,51 - 60,Asian,F,High School,Lisboa,Portugal,2024-04-10 20:51:20,1,
9,41 - 50,Latino,M,Bachelor’s Degree,Évora,Portugal,2024-04-10 20:59:11,1,
10,61 - 70,White/Caucasian,F,High School,Setúbal,Portugal,2024-04-10 21:00:47,1,
11,51 - 60,White/Caucasian,F,Bachelor’s Degree,Lisboa,Portugal,2024-04-10 21:03:35,1,
12,41 - 50,White/Caucasian,F,Bachelor’s Degree,Faro,Portugal,2024-04-10 21:03:45,1,
13,31 - 40,White/Caucasian,F,High School,Setúbal,Portugal,2024-04-10 21:05:43,1,
14,51 - 60,White/Caucasian,F,Bachelor’s Degree,Lisboa,Portugal,2024-04-10 21:39:29,1,
15,51 - 60,White/Caucasian,F,High School,Faro,Portugal,2024-04-10 22:08:42,1,
16,51 - 60,White/Caucasian,F,Bachelor’s Degree,Lisboa,Portugal,2024-04-10 22:09:34,1,
17,41 - 50,White/Caucasian,F,Bachelor’s Degree,Lisboa,Portugal,2024-04-10 22:25:32,1,
18,61 - 70,Latino,F,Master’s Degree,Setúbal,Portugal,2024-04-10 23:06:08,1,
19,41 - 50,White/Caucasian,F,High School,Flanders,Belgium,2024-04-11 04:44:27,1,
20,41 - 50,White/Caucasian,F,Bachelor’s Degree,Santarém,Portugal,2024-04-11 05:48:30,1,Outro
21,51 - 60,Latino,F,Bachelor’s Degree,Lisboa,Portugal,2024-04-11 06:02:48,1,
22,31 - 40,White/Caucasian,F,Bachelor’s Degree,Lisboa,Portugal,2024-04-11 06:04:32,1,Viajar
23,41 - 50,White/Caucasian,F,High School,Lisboa,Portugal,2024-04-11 07:43:34,1,
24,31 - 40,White/Caucasian,F,High School,Setúbal,Portugal,2024-04-11 09:01:31,1,
25,51 - 60,White/Caucasian,F,Bachelor’s Degree,Lisboa,Portugal,2024-04-11 12:22:10,1,
26,18 - 24,Asian,M,Primary School or Less,Eastern Cape,South Africa,2024-04-11 15:01:13,1,
27,31 - 40,Hispanic,M,Bachelor’s Degree,Lisboa,Portugal,2024-04-11 15:17:23,1,Colecionar Antiguidades
28,18 - 24,White/Caucasian,M,Bachelor’s Degree,Santarém,Portugal,2024-04-11 19:02:11,1,
29,41 - 50,White/Caucasian,M,Master’s Degree,Lisboa,Portugal,2024-04-11 20:04:29,1,Viajar
30,18 - 24,White/Caucasian,M,Bachelor’s Degree,Setúbal,Portugal,2024-04-11 20:25:50,1,Estudar
31,18 - 24,White/Caucasian,F,High School,Lisboa,Portugal,2024-04-11 22:46:45,1,
32,18 - 24,Black,F,Bachelor’s Degree,Lisboa,Portugal,2024-04-12 07:38:39,1,
33,41 - 50,White/Caucasian,F,High School,Lisboa,Portugal,2024-04-12 10:50:09,1,
34,18 - 24,White/Caucasian,F,Master’s Degree,Santarém,Portugal,2024-04-12 13:18:20,1,
35,18 - 24,White/Caucasian,M,Bachelor’s Degree,Lisboa,Portugal,2024-04-12 14:48:59,1,
36,18 - 24,White/Caucasian,F,Bachelor’s Degree,Lisboa,Portugal,2024-04-12 14:57:02,1,
37,61 - 70,White/Caucasian,F,High School,Lisboa,Portugal,2024-04-12 19:43:40,1,
38,18 - 24,White/Caucasian,M,Bachelor’s Degree,Lisboa,Portugal,2024-05-01 17:27:54,1,
39,18 - 24,White/Caucasian,M,Bachelor’s Degree,Lisboa,Portugal,2024-05-06 13:58:37,1,ténis
40,18 - 24,White/Caucasian,F,Bachelor’s Degree,Lisboa,Portugal,2024-05-06 15:46:11,1,
41,51 - 60,White/Caucasian,M,Master’s Degree,Lisboa,Portugal,2024-05-07 10:16:33,1,
42,18 - 24,White/Caucasian,M,Master’s Degree,Lisboa,Portugal,2024-05-07 14:07:24,1,
43,18 - 24,White/Caucasian,M,Bachelor’s Degree,Lisboa,Portugal,2024-05-07 15:25:08,1,Ginásio
44,18 - 24,White/Caucasian,M,Bachelor’s Degree,Lisboa,Portugal,2024-05-07 15:27:46,1,Futebol
45,18 - 24,White/Caucasian,M,Bachelor’s Degree,Évora,Portugal,2024-05-07 15:28:08,1,Futebol
46,18 - 24,White/Caucasian,M,Master’s Degree,Lisboa,Portugal,2024-05-07 15:28:46,1,
47,18 - 24,White/Caucasian,M,Bachelor’s Degree,Leiria,Portugal,2024-05-07 15:29:01,1,
48,41 - 50,Prefer not to disclose,F,Doctorate Degree,Lisboa,Portugal,2024-05-07 15:29:44,1,
49,25 - 30,White/Caucasian,M,Master’s Degree,Setúbal,Portugal,2024-05-07 15:30:21,1,
50,25 - 30,White/Caucasian,F,Bachelor’s Degree,Leiria,Portugal,2024-05-07 15:30:54,1,
51,18 - 24,White/Caucasian,M,Bachelor’s Degree,Lisboa,Portugal,2024-05-07 15:31:11,1,Padel
52,25 - 30,White/Caucasian,M,Master’s Degree,Faro,Portugal,2024-05-07 16:16:30,1,
53,18 - 24,White/Caucasian,F,Bachelor’s Degree,Lisboa,Portugal,2024-05-07 16:57:15,1,
54,18 - 24,Black,F,Bachelor’s Degree,Madeira,Portugal,2024-05-07 16:58:44,1,
55,18 - 24,White/Caucasian,M,Bachelor’s Degree,Santarém,Portugal,2024-05-07 17:02:02,1,
56,18 - 24,White/Caucasian,M,Bachelor’s Degree,Lisboa,Portugal,2024-05-07 20:55:07,1,
57,25 - 30,Black,F,Master’s Degree,Lisboa,Portugal,2024-05-07 21:29:37,1,
58,25 - 30,White/Caucasian,F,High School,Lisboa,Portugal,2024-05-07 21:30:17,1,
59,18 - 24,White/Caucasian,M,Master’s Degree,Setúbal,Portugal,2024-05-08 20:06:14,1,
60,25 - 30,White/Caucasian,M,Master’s Degree,Lisboa,Portugal,2024-05-09 16:06:51,1,Passear de Campervan
61,18 - 24,White/Caucasian,M,Bachelor’s Degree,Lisboa,Portugal,2024-05-10 23:28:53,1,
62,18 - 24,White/Caucasian,F,Master’s Degree,Lisboa,Portugal,2024-05-15 13:35:45,1,
63,31 - 40,Black,F,Bachelor’s Degree,North Brabant,Netherlands,2024-05-15 13:36:51,1,
64,18 - 24,Prefer not to disclose,F,Bachelor’s Degree,Lisboa,Portugal,2024-05-15 13:47:15,1,
65,31 - 40,White/Caucasian,M,Master’s Degree,North Brabant,Netherlands,2024-05-15 13:50:55,1,
66,25 - 30,White/Caucasian,F,Bachelor’s Degree,Lisboa,Portugal,2024-05-15 15:09:27,1,
67,25 - 30,White/Caucasian,F,Bachelor’s Degree,Lisboa,Portugal,2024-05-15 15:26:31,1,
68,18 - 24,Prefer not to disclose,F,Bachelor’s Degree,Lisboa,Portugal,2024-05-15 15:47:15,1,Desporto
69,18 - 24,White/Caucasian,M,Bachelor’s Degree,Lisboa,Portugal,2024-05-15 16:01:58,1,
70,71 - 80,White/Caucasian,M,Master’s Degree,Lisboa,Portugal,2024-05-15 16:43:37,1,
71,18 - 24,White/Caucasian,F,Bachelor’s Degree,Lisboa,Portugal,2024-05-15 19:30:25,1,
72,18 - 24,White/Caucasian,F,Bachelor’s Degree,Santarém,Portugal,2024-05-15 20:03:42,1,
73,25 - 30,White/Caucasian,M,Bachelor’s Degree,Lisboa,Portugal,2024-05-16 09:59:19,1,
74,25 - 30,White/Caucasian,M,Master’s Degree,Lisboa,Portugal,2024-05-16 11:42:33,1,
75,31 - 40,Black,F,Master’s Degree,Setúbal,Portugal,2024-05-16 12:23:07,1,
76,18 - 24,White/Caucasian,F,Bachelor’s Degree,Lisboa,Portugal,2024-05-17 21:02:02,1,
77,41 - 50,Latino,F,High School,Lisboa,Portugal,2024-05-18 20:56:19,1,
78,18 - 24,White/Caucasian,F,Master’s Degree,Lisboa,Portugal,2024-05-20 14:41:39,1,
79,18 - 24,White/Caucasian,M,Master’s Degree,Lisboa,Portugal,2024-05-20 16:27:10,1,Desporto
80,18 - 24,White/Caucasian,M,Bachelor’s Degree,Leiria,Portugal,2024-05-21 09:29:22,1,
81,31 - 40,White/Caucasian,F,Master’s Degree,Lisboa,Portugal,2024-05-21 09:33:58,1,
82,31 - 40,White/Caucasian,F,Master’s Degree,Lisboa,Portugal,2024-05-21 10:17:28,1,
83,18 - 24,White/Caucasian,M,Bachelor’s Degree,Lisboa,Portugal,2024-05-21 10:35:33,1,
84,18 - 24,White/Caucasian,F,Master’s Degree,Setúbal,Portugal,2024-05-21 15:58:40,1,
85,18 - 24,White/Caucasian,F,Bachelor’s Degree,Lisboa,Portugal,2024-05-21 17:27:54,1,
86,25 - 30,White/Caucasian,F,Master’s Degree,Lisboa,Portugal,2024-05-21 17:40:23,1,surf
87,18 - 24,White/Caucasian,F,Bachelor’s Degree,Setúbal,Portugal,2024-05-22 22:39:58,1,
88,18 - 24,White/Caucasian,F,Bachelor’s Degree,Santarém,Portugal,2024-05-23 12:42:06,1,Ginásio
89,18 - 24,White/Caucasian,F,Master’s Degree,Setúbal,Portugal,2024-05-23 12:54:25,1,Ginásio
90,18 - 24,White/Caucasian,M,Master’s Degree,Santarém,Portugal,2024-05-23 16:16:35,1,Basquetebol
91,25 - 30,White/Caucasian,F,Master’s Degree,Faro,Portugal,2024-05-23 23:53:06,1,
92,31 - 40,Prefer not to disclose,M,Master’s Degree,Lisboa,Portugal,2024-05-24 11:29:59,1,
93,61 - 70,White/Caucasian,F,Master’s Degree,Lisboa,Portugal,2024-05-27 17:55:24,1,
94,25 - 30,White/Caucasian,M,Master’s Degree,Leiria,Portugal,2024-05-28 16:17:12,1,
95,18 - 24,White/Caucasian,M,Bachelor’s Degree,Setúbal,Portugal,2024-05-28 16:27:11,1,
96,25 - 30,White/Caucasian,F,Master’s Degree,Setúbal,Portugal,2024-05-28 16:27:12,1,
97,18 - 24,White/Caucasian,M,Bachelor’s Degree,Lisboa,Portugal,2024-05-28 16:34:18,1,Futebol
98,71 - 80,Latino,F,Bachelor’s Degree,Lisboa,Portugal,2024-05-28 17:28:23,1,
99,18 - 24,White/Caucasian,M,Master’s Degree,Santarém,Portugal,2024-05-28 18:01:21,1,
100,51 - 60,White/Caucasian,F,Bachelor’s Degree,Lisboa,Portugal,2024-05-28 19:27:25,1,
101,41 - 50,White/Caucasian,F,Bachelor’s Degree,Lisboa,Portugal,2024-05-28 19:54:28,1,
102,31 - 40,White/Caucasian,F,Master’s Degree,Lisboa,Portugal,2024-05-28 20:04:57,1,
103,41 - 50,Latino,M,Middle School,Lisboa,Portugal,2024-05-28 20:56:59,1,
104,61 - 70,Latino,F,High School,Lisboa,Portugal,2024-05-28 21:13:55,1,
105,61 - 70,Latino,F,Master’s Degree,Lisboa,Portugal,2024-05-28 21:15:24,1,
106,61 - 70,Latino,F,Master’s Degree,Lisboa,Portugal,2024-05-28 21:22:50,1,
107,31 - 40,White/Caucasian,M,High School,Lisboa,Portugal,2024-05-28 21:41:30,1,
108,51 - 60,White/Caucasian,F,Bachelor’s Degree,Lisboa,Portugal,2024-05-28 22:17:15,1,
109,51 - 60,Prefer not to disclose,F,Middle School,Lisboa,Portugal,2024-05-28 23:26:04,1,
110,61 - 70,White/Caucasian,F,Master’s Degree,Lisboa,Portugal,2024-05-29 00:05:53,1,
111,25 - 30,White/Caucasian,M,Bachelor’s Degree,Lisboa,Portugal,2024-05-29 08:41:28,1,
112,41 - 50,Latino,M,Bachelor’s Degree,Lisboa,Portugal,2024-05-29 11:16:33,1,
113,25 - 30,White/Caucasian,F,Bachelor’s Degree,Faro,Portugal,2024-05-30 10:16:22,1,
114,18 - 24,White/Caucasian,F,Master’s Degree,Setúbal,Portugal,2024-06-02 19:05:40,1,Futebol
115,31 - 40,White/Caucasian,F,Master’s Degree,Lisboa,Portugal,2024-06-03 07:11:13,1,
116,51 - 60,White/Caucasian,F,Master’s Degree,Lisboa,Portugal,2024-06-08 19:01:46,1,
117,51 - 60,Latino,M,Master’s Degree,Lisboa,Portugal,2024-06-08 19:27:03,1,Mergulho
118,51 - 60,White/Caucasian,F,Master’s Degree,Lisboa,Portugal,2024-06-09 09:04:17,1,
119,31 - 40,White/Caucasian,F,Doctorate Degree,Lisboa,Portugal,2024-06-12 14:43:59,1,
120,51 - 60,White/Caucasian,M,Bachelor’s Degree,Setúbal,Portugal,2024-06-13 22:58:27,1,
121,18 - 24,White/Caucasian,F,Middle School,Santarém,Portugal,2024-06-23 23:48:46,1,
122,18 - 24,White/Caucasian,F,Master’s Degree,Santarém,Portugal,2024-06-24 00:08:43,1,
123,25 - 30,Asian,F,Bachelor’s Degree,Metro Manila,Philippines,2024-06-24 00:25:15,1,Gym
124,18 - 24,Asian,F,Bachelor’s Degree,Karnataka,India,2024-06-24 00:27:44,1,
125,18 - 24,Latino,F,Bachelor’s Degree,Pará,Brazil,2024-06-24 00:50:51,1,
126,25 - 30,White/Caucasian,M,High School,Setúbal,Portugal,2024-06-24 07:07:42,1,
127,18 - 24,White/Caucasian,F,High School,Setúbal,Portugal,2024-06-24 08:46:02,1,Surf
128,18 - 24,Prefer not to disclose,F,High School,Lisboa,Portugal,2024-06-24 09:47:25,1,
129,18 - 24,White/Caucasian,F,High School,Setúbal,Portugal,2024-06-24 11:17:44,1,
130,18 - 24,Latino,M,High School,Faro,Portugal,2024-06-24 13:51:48,1,
131,25 - 30,White/Caucasian,M,High School,Indiana,United States,2024-06-24 13:55:56,1,
132,25 - 30,Hispanic,F,Master’s Degree,California,United States,2024-06-24 14:04:16,1,
133,25 - 30,Hispanic,F,Master’s Degree,California,United States,2024-06-24 14:04:18,1,
134,25 - 30,Hispanic,F,Master’s Degree,California,United States,2024-06-24 14:04:21,1,
135,25 - 30,Hispanic,F,Master’s Degree,California,United States,2024-06-24 14:04:22,1,
136,25 - 30,White/Caucasian,M,Bachelor’s Degree,New Jersey,United States,2024-06-24 14:22:44,1,
137,18 - 24,White/Caucasian,F,High School,Lisboa,Portugal,2024-06-24 14:28:27,1,
138,25 - 30,White/Caucasian,F,Bachelor’s Degree,Budapest,Hungary,2024-06-24 15:29:54,1,
139,25 - 30,White/Caucasian,F,Bachelor’s Degree,Padua,Italy,2024-06-24 16:05:00,1,
140,31 - 40,White/Caucasian,F,Bachelor’s Degree,Central Finland,Finland,2024-06-24 16:13:15,1,
141,18 - 24,White/Caucasian,F,Bachelor’s Degree,İstanbul,Turkey,2024-06-24 18:01:20,1,
142,18 - 24,White/Caucasian,M,High School,Stockholm County,Sweden,2024-06-24 18:49:27,1,
143,18 - 24,White/Caucasian,M,High School,Setúbal,Portugal,2024-06-24 21:34:30,1,
144,25 - 30,White/Caucasian,F,Bachelor’s Degree,Oregon,United States,2024-06-24 23:28:55,1,
145,18 - 24,White/Caucasian,F,High School,Ontario,Canada,2024-06-25 02:04:56,1,Writing
146,25 - 30,Asian,M,Master’s Degree,Leeds,United Kingdom,2024-06-25 13:31:14,1,
147,25 - 30,White/Caucasian,M,High School,Pennsylvania,United States,2024-06-25 16:20:59,1,
148,25 - 30,Asian,F,Master’s Degree,City and County of Cardiff,United Kingdom,2024-06-25 16:43:58,1,
149,31 - 40,White/Caucasian,M,High School,Capital Region of Denmark,Denmark,2024-06-25 23:04:33,1,
150,18 - 24,White/Caucasian,F,High School,Glasgow,United Kingdom,2024-06-26 01:35:46,1,Figure skating
151,31 - 40,Asian,O,Bachelor’s Degree,Eastern Cape,South Africa,2024-06-26 01:44:41,1,
152,31 - 40,White/Caucasian,M,Doctorate Degree,District of Columbia,United States,2024-06-26 02:08:46,1,Weightlifting
153,41 - 50,White/Caucasian,F,High School,Ontario,Canada,2024-06-26 05:12:55,1,
154,31 - 40,White/Caucasian,M,Bachelor’s Degree,City of Southampton,United Kingdom,2024-06-26 08:43:36,1,
155,25 - 30,Asian,F,Master’s Degree,City of Southampton,United Kingdom,2024-06-26 14:03:27,1,
156,25 - 30,Asian,F,Master’s Degree,City of Southampton,United Kingdom,2024-06-26 14:03:29,1,
157,25 - 30,Asian,F,Master’s Degree,City of Southampton,United Kingdom,2024-06-26 14:03:35,1,
158,31 - 40,White/Caucasian,O,High School,Dublin,Ireland,2024-06-26 19:54:39,1,Writing. Travel. Sex.
159,41 - 50,White/Caucasian,F,High School,Setúbal,Portugal,2024-06-27 08:39:37,1,
160,25 - 30,Asian,F,Bachelor’s Degree,London Borough of Lambeth,United Kingdom,2024-06-27 13:36:50,1,
161,31 - 40,White/Caucasian,M,Bachelor’s Degree,Wyoming,United States,2024-06-27 22:06:37,1,Boxing
162,25 - 30,Asian,F,Master’s Degree,Overijssel,Netherlands,2024-07-07 14:58:10,1,
163,18 - 24,White/Caucasian,F,Master’s Degree,Lisboa,Portugal,2024-07-07 22:26:05,1,
164,25 - 30,White/Caucasian,F,Bachelor’s Degree,Lisboa,Portugal,2024-07-08 20:47:08,1,
165,18 - 24,Prefer not to disclose,M,Bachelor’s Degree,Lisboa,Portugal,2024-07-08 21:23:12,1,
166,25 - 30,Latino,M,Master’s Degree,Lisboa,Portugal,2024-07-08 21:32:28,1,Basebol
167,31 - 40,White/Caucasian,M,Bachelor’s Degree,Lisboa,Portugal,2024-07-08 21:35:33,1,
168,18 - 24,White/Caucasian,F,Bachelor’s Degree,Vila Real,Portugal,2024-07-09 00:01:19,1,
169,18 - 24,White/Caucasian,M,Bachelor’s Degree,South Holland,Netherlands,2024-07-09 09:08:00,1,
170,18 - 24,White/Caucasian,F,Bachelor’s Degree,Lisboa,Portugal,2024-07-09 12:23:48,1,
171,18 - 24,White/Caucasian,F,High School,Lisboa,Portugal,2024-07-09 13:17:40,1,
172,18 - 24,White/Caucasian,M,Master’s Degree,Setúbal,Portugal,2024-07-09 14:09:37,1,Ginásio
173,31 - 40,White/Caucasian,M,Master’s Degree,Lisboa,Portugal,2024-07-17 21:45:40,1,
174,51 - 60,White/Caucasian,M,Bachelor’s Degree,Setúbal,Portugal,2024-09-22 18:21:01,1,
175,51 - 60,White/Caucasian,M,Bachelor’s Degree,Setúbal,Portugal,2024-09-22 18:22:59,1,
176,51 - 60,White/Caucasian,F,Master’s Degree,Lisboa,Portugal,2024-09-22 19:25:13,1,
177,41 - 50,White/Caucasian,F,Bachelor’s Degree,Setúbal,Portugal,2024-09-22 19:32:20,1,
178,31 - 40,White/Caucasian,F,Bachelor’s Degree,Lisboa,Portugal,2024-09-22 19:40:13,1,
179,41 - 50,White/Caucasian,F,Doctorate Degree,Lisboa,Portugal,2024-09-22 20:04:02,1,
180,41 - 50,Latino,F,Master’s Degree,Lisboa,Portugal,2024-09-22 20:23:58,1,
181,41 - 50,White/Caucasian,F,Bachelor’s Degree,Lisboa,Portugal,2024-09-22 22:32:57,1,
182,41 - 50,Latino,F,High School,Leiria,Portugal,2024-09-23 00:14:25,1,
183,41 - 50,White/Caucasian,M,Bachelor’s Degree,Santarém,Portugal,2024-09-23 08:13:37,1,
184,41 - 50,White/Caucasian,F,Bachelor’s Degree,Lisboa,Portugal,2024-09-23 20:07:43,1,
185,41 - 50,White/Caucasian,M,Bachelor’s Degree,Lisboa,Portugal,2024-09-23 21:35:08,1,
186,41 - 50,White/Caucasian,F,Bachelor’s Degree,Lisboa,Portugal,2024-09-24 05:57:11,1,
187,41 - 50,White/Caucasian,F,Master’s Degree,Lisboa,Portugal,2024-09-24 06:08:43,1,
188,51 - 60,White/Caucasian,M,Bachelor’s Degree,Lisboa,Portugal,2024-09-24 11:03:50,1,
189,18 - 24,White/Caucasian,M,Middle School,Santarém,Portugal,2024-10-05 12:18:40,1,
190,25 - 30,White/Caucasian,M,Bachelor’s Degree,Setúbal,Portugal,2024-10-05 16:13:54,1,
191,18 - 24,White/Caucasian,F,Bachelor’s Degree,Setúbal,Portugal,2024-10-05 18:34:26,1,
192,51 - 60,White/Caucasian,F,Doctorate Degree,Setúbal,Portugal,2024-10-05 19:05:00,1,Fotografia
193,51 - 60,Latino,M,High School,Setúbal,Portugal,2024-10-05 20:09:49,1,
194,18 - 24,White/Caucasian,F,Master’s Degree,Santarém,Portugal,2024-10-06 12:52:34,1,
195,18 - 24,White/Caucasian,F,Bachelor’s Degree,Lisboa,Portugal,2024-10-06 19:47:34,1,
196,18 - 24,White/Caucasian,F,Bachelor’s Degree,Lisboa,Portugal,2024-10-08 16:45:28,1,
197,18 - 24,Black,F,Master’s Degree,Lisboa,Portugal,2024-10-08 20:24:56,1,
198,25 - 30,Hispanic,M,Bachelor’s Degree,Lisboa,Portugal,2024-10-08 22:10:03,1,
199,18 - 24,White/Caucasian,M,Bachelor’s Degree,Santarém,Portugal,2024-10-09 11:55:19,1,
200,41 - 50,White/Caucasian,F,High School,Santarém,Portugal,2024-10-09 13:22:05,1,
201,18 - 24,White/Caucasian,F,Master’s Degree,Lisboa,Portugal,2024-10-09 20:06:08,1,
202,18 - 24,White/Caucasian,F,Bachelor’s Degree,Lisboa,Portugal,2024-10-12 10:07:44,1,
203,41 - 50,White/Caucasian,F,Bachelor’s Degree,Lisboa,Portugal,2024-10-12 22:31:50,1,
204,18 - 24,White/Caucasian,M,Bachelor’s Degree,Setúbal,Portugal,2024-10-13 12:04:19,1,Skate
205,18 - 24,Hispanic,F,Master’s Degree,Lisboa,Portugal,2024-10-13 21:43:29,1,
206,25 - 30,White/Caucasian,M,Master’s Degree,Lisboa,Portugal,2024-10-15 02:46:42,1,ginásio
207,18 - 24,White/Caucasian,F,Bachelor’s Degree,Lisboa,Portugal,2024-10-16 08:07:22,1,
208,18 - 24,White/Caucasian,M,Bachelor’s Degree,Lisboa,Portugal,2024-10-16 08:07:55,1,
209,18 - 24,White/Caucasian,M,Bachelor’s Degree,Lisboa,Portugal,2024-10-16 08:37:13,1,
210,18 - 24,Latino,F,Bachelor’s Degree,Lisboa,Portugal,2024-10-16 08:42:50,1,
211,18 - 24,White/Caucasian,F,High School,Lisboa,Portugal,2024-10-16 08:46:14,1,
212,18 - 24,Prefer not to disclose,O,Bachelor’s Degree,Lisboa,Portugal,2024-10-16 08:47:58,1,
213,18 - 24,White/Caucasian,F,Bachelor’s Degree,Lisboa,Portugal,2024-10-16 08:53:54,1,
214,18 - 24,White/Caucasian,M,High School,Lisboa,Portugal,2024-10-16 09:21:39,1,
215,18 - 24,White/Caucasian,F,High School,Lisboa,Portugal,2024-10-16 09:30:29,1,Futebol
216,18 - 24,White/Caucasian,F,High School,Lisboa,Portugal,2024-10-16 09:36:46,1,Equitação
217,18 - 24,White/Caucasian,M,Bachelor’s Degree,Lisboa,Portugal,2024-10-16 12:21:48,1,
218,18 - 24,White/Caucasian,M,High School,Lisboa,Portugal,2024-10-16 13:58:37,1,
219,18 - 24,Black,M,High School,Lisboa,Portugal,2024-10-17 09:42:09,1,Futebol
220,18 - 24,Latino,M,Bachelor’s Degree,Lisboa,Portugal,2024-10-17 10:22:53,1,
221,25 - 30,White/Caucasian,M,Master’s Degree,Lisboa,Portugal,2024-10-20 16:11:37,1,"Viajar, Surf"
222,31 - 40,White/Caucasian,M,Master’s Degree,Lisboa,Portugal,2024-10-22 13:07:34,1,Viajar
223,18 - 24,White/Caucasian,F,Master’s Degree,Lisboa,Portugal,2024-10-22 13:28:52,1,Crochet
224,41 - 50,Latino,F,Master’s Degree,Lisboa,Portugal,2024-10-22 21:38:21,1,
225,41 - 50,White/Caucasian,F,Bachelor’s Degree,Lisboa,Portugal,2024-10-22 23:37:32,1,
226,41 - 50,Prefer not to disclose,F,Master’s Degree,Lisboa,Portugal,2024-10-26 08:32:06,1,
227,41 - 50,White/Caucasian,F,Doctorate Degree,Lisboa,Portugal,2024-10-31 19:24:18,1,
228,18 - 24,White/Caucasian,F,Master’s Degree,Lisboa,Portugal,2024-11-03 16:43:06,1,
229,18 - 24,White/Caucasian,F,Bachelor’s Degree,Lisboa,Portugal,2024-11-03 17:34:28,1,
230,51 - 60,White/Caucasian,F,Bachelor’s Degree,Setúbal,Portugal,2024-11-09 13:15:12,1,
231,41 - 50,White/Caucasian,M,Bachelor’s Degree,Lisboa,Portugal,2024-11-22 08:40:35,1,
232,31 - 40,White/Caucasian,M,Bachelor’s Degree,Lisboa,Portugal,2024-11-22 13:51:23,1,Ginásio
233,31 - 40,White/Caucasian,M,Bachelor’s Degree,Lisboa,Portugal,2024-11-22 14:11:36,1,Ginásio
234,25 - 30,White/Caucasian,M,Master’s Degree,Leiria,Portugal,2024-11-27 14:24:11,1,
235,41 - 50,White/Caucasian,F,Bachelor’s Degree,Lisboa,Portugal,2025-03-26 23:11:19,1,
236,25 - 30,White/Caucasian,M,Master’s Degree,Setúbal,Portugal,2025-03-27 01:48:25,1,
237,31 - 40,White/Caucasian,F,Doctorate Degree,Lisboa,Portugal,2025-03-27 23:23:56,1,
238,41 - 50,White/Caucasian,M,Doctorate Degree,Lisboa,Portugal,2025-03-27 23:38:31,1,Padel
239,51 - 60,White/Caucasian,F,High School,Lisboa,Portugal,2025-03-27 23:57:29,1,
240,51 - 60,White/Caucasian,F,High School,Lisboa,Portugal,2025-03-28 00:13:00,1,
241,51 - 60,White/Caucasian,F,High School,Lisboa,Portugal,2025-03-28 05:14:04,1,
242,51 - 60,Latino,F,Bachelor’s Degree,Lisboa,Portugal,2025-03-28 08:26:36,1,
243,41 - 50,White/Caucasian,F,Bachelor’s Degree,Lisboa,Portugal,2025-03-28 11:25:29,1,
244,18 - 24,White/Caucasian,M,Bachelor’s Degree,Lisboa,Portugal,2025-05-06 11:48:18,1,
245,18 - 24,White/Caucasian,M,High School,Lisboa,Portugal,2025-05-06 11:52:37,1,
246,18 - 24,White/Caucasian,M,Bachelor’s Degree,Lisboa,Portugal,2025-05-06 11:58:45,1,
247,18 - 24,White/Caucasian,F,Bachelor’s Degree,Lisboa,Portugal,2025-05-06 12:38:57,1,
248,31 - 40,White/Caucasian,F,Doctorate Degree,Lisboa,Portugal,2025-05-13 13:48:43,1,
249,41 - 50,White/Caucasian,F,Master’s Degree,Lisboa,Portugal,2025-05-14 10:44:10,1,
250,18 - 24,White/Caucasian,F,Bachelor’s Degree,Lisboa,Portugal,2025-05-14 18:20:16,1,
251,51 - 60,White/Caucasian,F,Doctorate Degree,Lisboa,Portugal,2025-05-19 15:17:56,1,
252,25 - 30,Middle Eastern or North African,F,Master’s Degree,Lisboa,Portugal,2025-05-19 20:16:34,1,
253,18 - 24,White/Caucasian,F,Bachelor’s Degree,Lisboa,Portugal,2025-05-20 08:17:26,1,Voleibol
254,18 - 24,White/Caucasian,F,High School,Lisboa,Portugal,2025-05-20 08:18:53,1,
255,51 - 60,Prefer not to disclose,F,Bachelor’s Degree,Lisboa,Portugal,2025-05-20 08:27:50,1,
256,18 - 24,White/Caucasian,F,Bachelor’s Degree,Lisboa,Portugal,2025-05-20 08:32:03,1,Escrita
257,31 - 40,White/Caucasian,F,Master’s Degree,Lisboa,Portugal,2025-05-20 08:38:32,1,
258,18 - 24,White/Caucasian,F,Bachelor’s Degree,Lisboa,Portugal,2025-05-20 08:42:35,1,
259,18 - 24,White/Caucasian,M,Bachelor’s Degree,Lisboa,Portugal,2025-05-20 08:51:00,1,
260,18 - 24,Latino,F,Bachelor’s Degree,Lisboa,Portugal,2025-05-20 08:52:40,1,
261,18 - 24,Prefer not to disclose,F,Bachelor’s Degree,Setúbal,Portugal,2025-05-20 09:31:17,1,
262,25 - 30,White/Caucasian,F,Bachelor’s Degree,Setúbal,Portugal,2025-05-20 09:33:38,1,
263,18 - 24,White/Caucasian,F,Bachelor’s Degree,Lisboa,Portugal,2025-05-20 09:54:06,1,
264,25 - 30,White/Caucasian,F,Bachelor’s Degree,Lisboa,Portugal,2025-05-20 10:04:29,1,
265,18 - 24,White/Caucasian,F,Bachelor’s Degree,Lisboa,Portugal,2025-05-20 10:07:33,1,
266,18 - 24,White/Caucasian,F,Bachelor’s Degree,Setúbal,Portugal,2025-05-20 10:19:24,1,
267,18 - 24,White/Caucasian,M,Bachelor’s Degree,Lisboa,Portugal,2025-05-20 10:20:16,1,Futebol
268,25 - 30,White/Caucasian,F,Master’s Degree,Lisboa,Portugal,2025-05-20 10:32:41,1,
269,25 - 30,White/Caucasian,F,Bachelor’s Degree,Lisboa,Portugal,2025-05-20 10:36:57,1,Escrita Criativa
270,18 - 24,White/Caucasian,M,Master’s Degree,Vila Real,Portugal,2025-05-20 10:41:25,1,
271,25 - 30,White/Caucasian,M,Bachelor’s Degree,Lisboa,Portugal,2025-05-20 10:48:37,1,
272,25 - 30,White/Caucasian,M,Bachelor’s Degree,Setúbal,Portugal,2025-05-20 10:52:10,1,
273,18 - 24,White/Caucasian,F,Bachelor’s Degree,Lisboa,Portugal,2025-05-20 10:52:24,1,
274,18 - 24,Prefer not to disclose,F,Bachelor’s Degree,Lisboa,Portugal,2025-05-20 10:56:08,1,
275,18 - 24,White/Caucasian,F,Master’s Degree,Setúbal,Portugal,2025-05-20 10:56:11,1,Marchas populares e tuna
276,41 - 50,White/Caucasian,F,Bachelor’s Degree,Lisboa,Portugal,2025-05-20 11:02:28,1,
277,51 - 60,White/Caucasian,F,Bachelor’s Degree,Lisboa,Portugal,2025-05-20 12:32:27,1,
278,18 - 24,Prefer not to disclose,F,High School,Lisboa,Portugal,2025-05-20 12:37:48,1,
279,18 - 24,White/Caucasian,F,Bachelor’s Degree,Lisboa,Portugal,2025-05-20 12:38:13,1,
280,18 - 24,White/Caucasian,F,Bachelor’s Degree,Lisboa,Portugal,2025-05-20 13:34:26,1,
281,25 - 30,White/Caucasian,F,Master’s Degree,Lisboa,Portugal,2025-05-20 14:25:32,1,
282,61 - 70,Latino,M,Bachelor’s Degree,Lisboa,Portugal,2025-05-20 15:57:37,1,
283,18 - 24,White/Caucasian,F,Bachelor’s Degree,Lisboa,Portugal,2025-05-20 15:59:06,1,
284,41 - 50,White/Caucasian,F,Master’s Degree,Lisboa,Portugal,2025-05-20 17:38:42,1,
285,41 - 50,White/Caucasian,F,Bachelor’s Degree,Lisboa,Portugal,2025-05-20 18:15:08,1,
286,25 - 30,Latino,F,Bachelor’s Degree,Lisboa,Portugal,2025-05-20 18:46:54,1,Volei
287,18 - 24,White/Caucasian,M,High School,Lisboa,Portugal,2025-05-20 21:08:14,1,Escrita
288,31 - 40,Latino,M,Bachelor’s Degree,Rio de Janeiro,Brazil,2025-05-20 21:24:52,1,
289,25 - 30,White/Caucasian,F,Bachelor’s Degree,Lisboa,Portugal,2025-05-21 09:04:55,1,
290,25 - 30,White/Caucasian,M,Master’s Degree,Lisboa,Portugal,2025-05-21 09:34:59,1,ginásio (musculação)
291,18 - 24,Prefer not to disclose,M,Bachelor’s Degree,Setúbal,Portugal,2025-05-21 18:57:04,1,"Vários dos selecionados, destacaria ais leitura e caminhadas, mas depende. (A 2ª questão é ridícula)"
292,18 - 24,White/Caucasian,F,High School,Lisboa,Portugal,2025-05-21 20:57:34,1,
293,41 - 50,Latino,F,Doctorate Degree,Setúbal,Portugal,2025-05-22 19:46:46,1,
294,41 - 50,White/Caucasian,M,Doctorate Degree,Faro,Portugal,2025-05-22 20:59:37,1,
295,18 - 24,Latino,M,High School,Lisboa,Portugal,2025-05-23 11:33:28,1,
296,18 - 24,Latino,M,Bachelor’s Degree,Setúbal,Portugal,2025-05-23 14:23:40,1,Ginásio
297,18 - 24,White/Caucasian,F,High School,Lisboa,Portugal,2025-05-25 12:11:15,1,
298,31 - 40,Latino,M,Master’s Degree,Maranhão,Brazil,2025-05-26 11:49:44,1,
299,41 - 50,Latino,F,Bachelor’s Degree,Lisboa,Portugal,2025-05-26 14:40:29,1,
300,18 - 24,White/Caucasian,F,Bachelor’s Degree,Lisboa,Portugal,2025-05-28 21:51:18,1,
301,18 - 24,White/Caucasian,F,Bachelor’s Degree,Lisboa,Portugal,2025-05-31 20:10:21,1,Yoga
302,61 - 70,White/Caucasian,F,Middle School,Guarda,Portugal,2025-06-24 13:22:52,1,
303,25 - 30,White/Caucasian,M,High School,Lisboa,Portugal,2025-07-23 15:07:22,1,
304,18 - 24,White/Caucasian,M,Master’s Degree,Lisboa,Portugal,2025-09-10 13:34:14,1,
305,18 - 24,White/Caucasian,M,Bachelor’s Degree,Lisboa,Portugal,2025-09-10 13:38:38,1,Escalada
306,25 - 30,White/Caucasian,M,Doctorate Degree,Canton of Esch-sur-Alzette,Luxembourg,2025-09-10 13:47:09,1,"Viajar, Ginásio"
307,18 - 24,White/Caucasian,F,Master’s Degree,Viseu,Portugal,2025-09-10 13:48:13,1,
308,25 - 30,White/Caucasian,M,Bachelor’s Degree,Lisboa,Portugal,2025-09-10 13:54:24,1,
309,25 - 30,White/Caucasian,M,Bachelor’s Degree,Lisboa,Portugal,2025-09-10 14:11:46,1,
310,18 - 24,White/Caucasian,F,Bachelor’s Degree,Lisboa,Portugal,2025-09-10 14:12:33,1,
311,25 - 30,Latino,M,Master’s Degree,Setúbal,Portugal,2025-09-10 14:17:40,1,
312,25 - 30,White/Caucasian,F,Bachelor’s Degree,Lisboa,Portugal,2025-09-10 14:25:48,1,
313,18 - 24,White/Caucasian,F,High School,Lisboa,Portugal,2025-09-10 14:49:07,1,
314,18 - 24,White/Caucasian,M,Bachelor’s Degree,Viseu,Portugal,2025-09-10 14:55:38,1,
315,18 - 24,White/Caucasian,F,Master’s Degree,Viseu,Portugal,2025-09-10 15:48:25,1,
316,18 - 24,White/Caucasian,F,Master’s Degree,Viseu,Portugal,2025-09-10 21:20:56,1,
317,18 - 24,White/Caucasian,M,Bachelor’s Degree,Lisboa,Portugal,2025-09-10 21:25:00,1,
318,18 - 24,White/Caucasian,F,Bachelor’s Degree,Lisboa,Portugal,2025-09-11 08:53:57,1,
319,25 - 30,White/Caucasian,M,Bachelor’s Degree,Setúbal,Portugal,2025-09-12 09:23:59,1,
320,25 - 30,White/Caucasian,M,Master’s Degree,Lisboa,Portugal,2025-09-12 09:28:54,1,
321,18 - 24,White/Caucasian,F,Bachelor’s Degree,Lisboa,Portugal,2025-09-12 09:30:20,1,
322,18 - 24,White/Caucasian,F,Bachelor’s Degree,Lisboa,Portugal,2025-09-12 09:36:08,1,
323,25 - 30,Pacific Islander,F,Bachelor’s Degree,Lisboa,Portugal,2025-09-12 09:37:45,1,
324,18 - 24,White/Caucasian,M,Bachelor’s Degree,Madeira,Portugal,2025-09-12 09:37:49,1,
325,31 - 40,White/Caucasian,M,Bachelor’s Degree,Lisboa,Portugal,2025-09-12 09:38:20,1,
326,18 - 24,White/Caucasian,F,Bachelor’s Degree,Lisboa,Portugal,2025-09-12 10:10:45,1,
327,18 - 24,White/Caucasian,M,High School,Lisboa,Portugal,2025-09-12 10:18:11,1,
328,18 - 24,Latino,F,High School,Lisboa,Portugal,2025-09-12 10:48:22,1,
329,18 - 24,White/Caucasian,F,Bachelor’s Degree,Lisboa,Portugal,2025-09-12 11:00:07,1,"Ténis, Padel"
330,25 - 30,White/Caucasian,M,High School,Lisboa,Portugal,2025-09-12 11:00:29,1,
331,31 - 40,Prefer not to disclose,F,Master’s Degree,Lisboa,Portugal,2025-09-12 11:00:31,1,
332,18 - 24,Latino,F,Bachelor’s Degree,Lisboa,Portugal,2025-09-12 11:22:57,1,
333,18 - 24,White/Caucasian,M,High School,Lisboa,Portugal,2025-09-12 11:42:32,1,
334,18 - 24,White/Caucasian,M,Bachelor’s Degree,Lisboa,Portugal,2025-09-12 11:45:56,1,Treino Muscular
335,18 - 24,Prefer not to disclose,M,Bachelor’s Degree,Lisboa,Portugal,2025-09-12 13:03:47,1,Cubo mágico
336,41 - 50,Asian,M,Bachelor’s Degree,Setúbal,Portugal,2025-09-12 13:06:21,1,Colecionismo
337,18 - 24,White/Caucasian,M,Bachelor’s Degree,Lisboa,Portugal,2025-09-12 13:17:48,1,Musculação
338,41 - 50,White/Caucasian,M,Bachelor’s Degree,Lisboa,Portugal,2025-09-12 14:26:19,1,
339,18 - 24,White/Caucasian,F,Bachelor’s Degree,Lisboa,Portugal,2025-09-12 14:28:48,1,escrita
340,18 - 24,White/Caucasian,M,Bachelor’s Degree,Lisboa,Portugal,2025-09-12 14:31:05,1,
341,25 - 30,White/Caucasian,F,Bachelor’s Degree,Lisboa,Portugal,2025-09-12 16:01:54,1,
342,25 - 30,White/Caucasian,F,Master’s Degree,Faro,Portugal,2025-09-12 16:24:32,1,
343,18 - 24,White/Caucasian,M,High School,Lisboa,Portugal,2025-09-12 16:34:32,1,"Ginasio, Surf"
344,18 - 24,White/Caucasian,F,Bachelor’s Degree,Setúbal,Portugal,2025-09-12 17:39:22,1,
345,18 - 24,Latino,M,High School,Lisboa,Portugal,2025-09-12 19:04:14,1,
346,18 - 24,White/Caucasian,M,High School,Lisboa,Portugal,2025-09-12 20:26:48,1,
347,18 - 24,White/Caucasian,F,Master’s Degree,Lisboa,Portugal,2025-09-13 07:04:57,1,
348,25 - 30,Asian,F,Master’s Degree,Lisboa,Portugal,2025-09-13 11:25:49,1,
349,18 - 24,White/Caucasian,F,Bachelor’s Degree,Lisboa,Portugal,2025-09-13 11:32:37,1,
350,61 - 70,White/Caucasian,M,High School,Lisboa,Portugal,2025-09-13 12:59:39,1,
351,18 - 24,White/Caucasian,M,Bachelor’s Degree,Lisboa,Portugal,2025-09-13 14:31:28,1,
352,18 - 24,Hispanic,M,Bachelor’s Degree,Porto,Portugal,2025-09-13 16:03:38,1,
353,18 - 24,White/Caucasian,M,Bachelor’s Degree,Lisboa,Portugal,2025-09-13 16:58:55,1,
354,18 - 24,White/Caucasian,M,High School,Lisboa,Portugal,2025-09-13 18:21:32,1,
355,18 - 24,White/Caucasian,F,High School,Setúbal,Portugal,2025-09-13 21:20:35,1,
356,18 - 24,White/Caucasian,M,High School,Lisboa,Portugal,2025-09-14 09:17:38,1,
357,18 - 24,White/Caucasian,F,Bachelor’s Degree,Lisboa,Portugal,2025-09-14 09:48:47,1,
358,18 - 24,White/Caucasian,M,High School,Lisboa,Portugal,2025-09-14 12:30:06,1,
359,18 - 24,White/Caucasian,M,High School,Lisboa,Portugal,2025-09-14 14:03:37,1,
360,18 - 24,White/Caucasian,M,High School,Lisboa,Portugal,2025-09-14 14:03:42,1,
361,18 - 24,White/Caucasian,M,High School,Lisboa,Portugal,2025-09-14 14:03:47,1,
362,18 - 24,White/Caucasian,M,High School,Lisboa,Portugal,2025-09-14 14:03:51,1,
363,18 - 24,White/Caucasian,M,High School,Lisboa,Portugal,2025-09-14 14:03:57,1,
364,18 - 24,White/Caucasian,M,Bachelor’s Degree,Lisboa,Portugal,2025-09-14 16:10:44,1,Ginásio
365,18 - 24,White/Caucasian,M,Bachelor’s Degree,Lisboa,Portugal,2025-09-14 19:12:26,1,
366,25 - 30,White/Caucasian,M,Bachelor’s Degree,Faro,Portugal,2025-09-15 09:39:39,1,
367,18 - 24,White/Caucasian,M,High School,Santarém,Portugal,2025-09-15 18:36:46,1,
368,31 - 40,White/Caucasian,F,Bachelor’s Degree,Lisboa,Portugal,2025-09-16 08:14:49,1,
369,25 - 30,Latino,M,Master’s Degree,Lisboa,Portugal,2025-09-20 08:47:30,1,
370,18 - 24,White/Caucasian,F,High School,Setúbal,Portugal,2025-09-23 16:11:57,1,
371,18 - 24,Prefer not to disclose,F,Bachelor’s Degree,Lisboa,Portugal,2025-10-04 13:29:22,1,
372,18 - 24,White/Caucasian,F,Bachelor’s Degree,Lisboa,Portugal,2025-10-06 13:11:05,1,
373,18 - 24,White/Caucasian,M,Bachelor’s Degree,Lisboa,Portugal,2025-10-06 13:13:30,1,Ginásio e Futebol
374,18 - 24,White/Caucasian,M,Bachelor’s Degree,Lisboa,Portugal,2025-10-06 13:13:32,1,
375,25 - 30,White/Caucasian,M,Bachelor’s Degree,Santarém,Portugal,2025-10-06 13:13:40,1,
376,18 - 24,White/Caucasian,M,Bachelor’s Degree,Setúbal,Portugal,2025-10-06 13:13:54,1,
377,18 - 24,White/Caucasian,F,Bachelor’s Degree,Lisboa,Portugal,2025-10-06 13:14:13,1,
378,18 - 24,White/Caucasian,M,Master’s Degree,Lisboa,Portugal,2025-10-06 13:14:49,1,
379,18 - 24,White/Caucasian,M,Bachelor’s Degree,Lisboa,Portugal,2025-10-06 13:14:56,1,
380,18 - 24,White/Caucasian,M,Bachelor’s Degree,Setúbal,Portugal,2025-10-06 13:15:17,1,
381,18 - 24,Prefer not to disclose,M,High School,Lisboa,Portugal,2025-10-06 13:15:19,1,Andar de mota
382,18 - 24,White/Caucasian,M,Bachelor’s Degree,Tábor,Czech Republic,2025-10-06 13:15:20,1,
383,18 - 24,White/Caucasian,M,Bachelor’s Degree,Setúbal,Portugal,2025-10-06 13:16:31,1,Futebol
384,18 - 24,White/Caucasian,M,Bachelor’s Degree,Vila Real,Portugal,2025-10-06 13:16:34,1,
385,31 - 40,White/Caucasian,F,Master’s Degree,Lisboa,Portugal,2025-10-06 13:18:11,1,
386,18 - 24,White/Caucasian,M,Bachelor’s Degree,Lisboa,Portugal,2025-10-06 13:18:23,1,
387,18 - 24,Prefer not to disclose,M,Master’s Degree,Lisboa,Portugal,2025-10-06 13:18:55,1,
388,18 - 24,White/Caucasian,M,Bachelor’s Degree,Lisboa,Portugal,2025-10-06 13:19:31,1,Ginásio
389,18 - 24,Asian,M,Bachelor’s Degree,Lisboa,Portugal,2025-10-06 13:20:08,1,Escalada
390,18 - 24,White/Caucasian,M,Master’s Degree,Lisboa,Portugal,2025-10-06 13:21:33,1,GINÁSIO
391,41 - 50,White/Caucasian,F,Master’s Degree,Lisboa,Portugal,2025-10-06 13:22:48,1,Snowboarding
392,25 - 30,White/Caucasian,F,Doctorate Degree,Baden-Württemberg,Germany,2026-01-29 10:33:10,1,
393,41 - 50,White/Caucasian,F,Master’s Degree,Açores,Portugal,2026-02-24 18:18:58,1,
394,41 - 50,White/Caucasian,M,Bachelor’s Degree,Setúbal,Portugal,2026-02-24 18:19:39,1,Ginásio
395,51 - 60,Latino,F,Bachelor’s Degree,Lisboa,Portugal,2026-02-24 19:03:16,1,
396,41 - 50,White/Caucasian,F,Master’s Degree,Aveiro,Portugal,2026-02-24 19:26:05,1,
397,25 - 30,White/Caucasian,F,Master’s Degree,Lisboa,Portugal,2026-02-24 19:50:12,1,"Pesca, Desporto"
398,51 - 60,White/Caucasian,M,Bachelor’s Degree,Lisboa,Portugal,2026-02-24 19:52:49,1,
399,41 - 50,White/Caucasian,M,Bachelor’s Degree,Lisboa,Portugal,2026-02-24 20:10:00,1,
400,41 - 50,White/Caucasian,F,Master’s Degree,Lisboa,Portugal,2026-02-24 20:13:53,1,
401,61 - 70,Latino,M,High School,Lisboa,Portugal,2026-02-24 20:23:41,1,Caminhada
402,51 - 60,Latino,M,Bachelor’s Degree,Lisboa,Portugal,2026-02-24 20:27:22,1,Pesca
403,31 - 40,White/Caucasian,F,Master’s Degree,Lisboa,Portugal,2026-02-24 20:49:08,1,
404,51 - 60,White/Caucasian,M,Bachelor’s Degree,Lisboa,Portugal,2026-02-26 08:28:13,1,
405,41 - 50,White/Caucasian,M,High School,Porto,Portugal,2026-02-26 09:11:13,1,Columbofilia
406,41 - 50,White/Caucasian,F,Master’s Degree,Leiria,Portugal,2026-02-26 09:12:51,1,
407,18 - 24,Latino,M,Bachelor’s Degree,Lisboa,Portugal,2026-02-26 10:50:06,1,Vôlei
408,18 - 24,White/Caucasian,F,High School,Lisboa,Portugal,2026-02-26 10:54:50,1,
409,18 - 24,White/Caucasian,M,Bachelor’s Degree,Lisboa,Portugal,2026-02-26 11:43:06,1,
410,18 - 24,White/Caucasian,M,High School,Lisboa,Portugal,2026-02-26 12:00:49,1,
411,18 - 24,White/Caucasian,M,Bachelor’s Degree,Lisboa,Portugal,2026-02-26 12:24:03,1,
412,18 - 24,White/Caucasian,M,Bachelor’s Degree,Lisboa,Portugal,2026-02-26 12:24:13,1,
413,51 - 60,White/Caucasian,M,Bachelor’s Degree,Lisboa,Portugal,2026-02-27 08:49:01,1,Informática
414,18 - 24,White/Caucasian,M,High School,Lisboa,Portugal,2026-03-02 00:48:12,1,
415,18 - 24,White/Caucasian,M,Bachelor’s Degree,Lisboa,Portugal,2026-03-04 15:04:56,1,Ginásio
416,25 - 30,White/Caucasian,F,Master’s Degree,Lisboa,Portugal,2026-03-04 15:08:51,1,
417,61 - 70,Latino,F,Doctorate Degree,Lisboa,Portugal,2026-03-04 15:09:28,1,
418,25 - 30,White/Caucasian,F,Doctorate Degree,Lisboa,Portugal,2026-03-04 15:11:06,1,Puzzles
419,18 - 24,White/Caucasian,F,Bachelor’s Degree,Lisboa,Portugal,2026-03-04 15:17:37,1,
420,18 - 24,White/Caucasian,F,Bachelor’s Degree,Lisboa,Portugal,2026-03-04 15:54:52,1,
421,18 - 24,White/Caucasian,F,Bachelor’s Degree,Lisboa,Portugal,2026-03-04 17:10:13,1,
422,18 - 24,White/Caucasian,F,Bachelor’s Degree,Setúbal,Portugal,2026-03-24 16:15:57,1,
423,25 - 30,White/Caucasian,M,Master’s Degree,Lisboa,Portugal,2026-05-07 13:44:11,1,
424,18 - 24,White/Caucasian,M,Master’s Degree,Viseu,Portugal,2026-05-07 13:53:28,1,
425,18 - 24,White/Caucasian,M,High School,Lisboa,Portugal,2026-05-07 14:00:07,1,
426,18 - 24,White/Caucasian,M,Master’s Degree,Guarda,Portugal,2026-05-07 14:00:36,1,Ginásio
427,18 - 24,White/Caucasian,F,Bachelor’s Degree,Lisboa,Portugal,2026-05-07 14:01:46,1,
428,18 - 24,White/Caucasian,M,High School,Viseu,Portugal,2026-05-07 14:04:32,1,Futebol
429,18 - 24,White/Caucasian,M,High School,Viseu,Portugal,2026-05-07 14:04:34,1,Futebol
430,18 - 24,White/Caucasian,M,High School,Viseu,Portugal,2026-05-07 14:04:36,1,Futebol
431,18 - 24,White/Caucasian,F,High School,Lisboa,Portugal,2026-05-07 14:05:40,1,
432,18 - 24,White/Caucasian,F,High School,Lisboa,Portugal,2026-05-07 14:05:42,1,
433,18 - 24,White/Caucasian,F,High School,Lisboa,Portugal,2026-05-07 14:05:44,1,
434,18 - 24,White/Caucasian,F,High School,Lisboa,Portugal,2026-05-07 14:05:47,1,
435,18 - 24,White/Caucasian,F,Bachelor’s Degree,Lisboa,Portugal,2026-05-07 14:16:18,1,
436,18 - 24,White/Caucasian,F,Bachelor’s Degree,Lisboa,Portugal,2026-05-07 14:16:59,1,
437,18 - 24,White/Caucasian,F,Bachelor’s Degree,Lisboa,Portugal,2026-05-07 14:17:38,1,
438,18 - 24,White/Caucasian,F,Master’s Degree,Viseu,Portugal,2026-05-07 14:20:10,1,Ginásio
439,18 - 24,White/Caucasian,M,Bachelor’s Degree,Viseu,Portugal,2026-05-07 14:37:36,1,Futebol
440,18 - 24,White/Caucasian,F,Bachelor’s Degree,Lisboa,Portugal,2026-05-07 14:46:30,1,
441,18 - 24,White/Caucasian,M,Master’s Degree,Lisboa,Portugal,2026-05-07 15:00:52,1,
442,18 - 24,White/Caucasian,F,Master’s Degree,Lisboa,Portugal,2026-05-07 18:29:43,1,
443,25 - 30,White/Caucasian,M,Master’s Degree,Viseu,Portugal,2026-05-07 20:52:12,1,
444,18 - 24,White/Caucasian,M,Bachelor’s Degree,Castelo Branco,Portugal,2026-05-14 10:41:05,1,
445,25 - 30,Hispanic,M,Bachelor’s Degree,Salamanca,Spain,2026-05-14 10:46:34,1,
446,18 - 24,White/Caucasian,M,Master’s Degree,Setúbal,Portugal,2026-05-18 13:45:04,1,
447,18 - 24,Asian,F,High School,Hồ Chí Minh,Vietnam,2026-05-22 19:57:18,1,
448,41 - 50,White/Caucasian,M,Master’s Degree,Uppsala County,Sweden,2026-05-25 16:56:12,1,
449,18 - 24,White/Caucasian,F,Bachelor’s Degree,Santarém,Portugal,2026-05-27 10:28:12,1,
450,18 - 24,White/Caucasian,F,Bachelor’s Degree,Lisboa,Portugal,2026-05-27 10:29:32,1,
451,18 - 24,White/Caucasian,M,Master’s Degree,Lisboa,Portugal,2026-05-27 10:32:59,1,
452,18 - 24,White/Caucasian,M,Master’s Degree,Lisboa,Portugal,2026-05-27 10:33:22,1,Padel
453,25 - 30,White/Caucasian,F,Bachelor’s Degree,Porto,Portugal,2026-05-27 10:40:47,1,Crochet/Tricot
454,41 - 50,Prefer not to disclose,F,High School,Braga,Portugal,2026-05-27 10:41:06,1,Viagens
455,41 - 50,Prefer not to disclose,F,Bachelor’s Degree,Viana do Castelo,Portugal,2026-05-27 10:45:50,1,Genealogia
456,41 - 50,Prefer not to disclose,M,Master’s Degree,Cheshire West and Chester,United Kingdom,2026-05-27 10:48:00,1,
457,31 - 40,Latino,F,Bachelor’s Degree,Viseu,Portugal,2026-05-27 10:48:24,1,
458,31 - 40,White/Caucasian,F,Master’s Degree,Lisboa,Portugal,2026-05-27 10:49:56,1,
459,18 - 24,White/Caucasian,F,Master’s Degree,Lisboa,Portugal,2026-05-27 11:19:15,1,
460,18 - 24,White/Caucasian,F,Bachelor’s Degree,Lisboa,Portugal,2026-05-27 12:30:22,1,Pilates
461,18 - 24,White/Caucasian,M,Master’s Degree,Lisboa,Portugal,2026-05-27 12:56:01,1,
462,18 - 24,White/Caucasian,M,Bachelor’s Degree,Lisboa,Portugal,2026-05-27 13:07:53,1,
463,31 - 40,White/Caucasian,M,Bachelor’s Degree,Lisboa,Portugal,2026-05-27 13:09:43,1,Escalada
464,25 - 30,White/Caucasian,M,Master’s Degree,Lisboa,Portugal,2026-05-27 13:14:45,1,Artes Marciais
465,18 - 24,White/Caucasian,M,Bachelor’s Degree,Setúbal,Portugal,2026-05-27 13:48:34,1,
466,18 - 24,White/Caucasian,F,Bachelor’s Degree,Lisboa,Portugal,2026-05-27 14:30:10,1,
467,18 - 24,White/Caucasian,F,Bachelor’s Degree,Lisboa,Portugal,2026-05-27 14:32:38,1,
468,25 - 30,White/Caucasian,M,Bachelor’s Degree,Lisboa,Portugal,2026-05-27 14:43:11,1,
469,18 - 24,White/Caucasian,M,Bachelor’s Degree,Lisboa,Portugal,2026-05-27 14:58:52,1,
470,41 - 50,White/Caucasian,F,Doctorate Degree,Porto,Portugal,2026-05-27 15:46:43,1,
471,18 - 24,White/Caucasian,M,Bachelor’s Degree,Açores,Portugal,2026-05-27 19:19:51,1,
472,18 - 24,White/Caucasian,M,High School,Lisboa,Portugal,2026-05-27 22:04:24,1,
473,31 - 40,Latino,F,Bachelor’s Degree,Setúbal,Portugal,2026-05-28 09:30:09,1,Crôche
474,31 - 40,Hispanic,F,Bachelor’s Degree,Lisboa,Portugal,2026-05-28 09:30:13,1,
475,31 - 40,Latino,F,Bachelor’s Degree,Porto,Portugal,2026-05-28 10:10:57,1,
476,31 - 40,White/Caucasian,F,High School,Setúbal,Portugal,2026-05-28 10:11:55,1,
477,31 - 40,Latino,F,Master’s Degree,Lisboa,Portugal,2026-05-28 10:11:58,1,
478,31 - 40,Prefer not to disclose,F,Master’s Degree,Évora,Portugal,2026-05-28 10:17:56,1,
479,31 - 40,Latino,F,Master’s Degree,Lisboa,Portugal,2026-05-28 10:21:32,1,
480,31 - 40,Prefer not to disclose,F,Doctorate Degree,Porto,Portugal,2026-05-28 10:25:05,1,
481,18 - 24,Hispanic,M,High School,Lisboa,Portugal,2026-05-28 10:44:45,1,
482,41 - 50,White/Caucasian,F,Master’s Degree,Setúbal,Portugal,2026-05-28 12:27:15,1,
483,31 - 40,Latino,F,Bachelor’s Degree,Leiria,Portugal,2026-05-28 12:41:11,1,
484,31 - 40,Latino,F,Bachelor’s Degree,Leiria,Portugal,2026-05-28 12:41:11,1,
485,31 - 40,White/Caucasian,F,Master’s Degree,Leiria,Portugal,2026-05-28 13:04:29,1,convívio
486,18 - 24,White/Caucasian,M,Master’s Degree,Lisboa,Portugal,2026-05-28 18:26:43,1,
487,31 - 40,White/Caucasian,F,Bachelor’s Degree,Porto,Portugal,2026-05-28 23:45:59,1,
488,18 - 24,White/Caucasian,M,High School,Lisboa,Portugal,2026-05-29 00:27:13,1,
489,31 - 40,White/Caucasian,F,Bachelor’s Degree,Porto,Portugal,2026-05-29 08:51:27,1,
490,18 - 24,White/Caucasian,F,Bachelor’s Degree,Lisboa,Portugal,2026-05-29 09:29:45,1,
491,18 - 24,White/Caucasian,F,Master’s Degree,Santarém,Portugal,2026-05-31 10:38:35,1,
492,18 - 24,White/Caucasian,F,Bachelor’s Degree,Lisboa,Portugal,2026-05-31 18:55:56,1,
493,31 - 40,White/Caucasian,F,Master’s Degree,Setúbal,Portugal,2026-06-01 09:15:53,1,
494,25 - 30,White/Caucasian,M,Master’s Degree,Lisboa,Portugal,2026-06-05 10:48:30,1,
